1,Cello,Wilfinger,cwilfinger0@a8.net,Male,cwilfinger0,V3hUgXAQzS
2,Lilith,Pepys,lpepys1@google.com,Female,lpepys1,7IbIWBNX
3,Chickie,Darnborough,cdarnborough2@skyrock.com,Female,cdarnborough2,l8ayd3Atp8O4
4,Blancha,Gulleford,bgulleford3@ustream.tv,Female,bgulleford3,uikTgxdZ
5,Mace,Brolechan,mbrolechan4@istockphoto.com,Male,mbrolechan4,2b3TH7zEARJc
6,Alwyn,Acreman,aacreman5@cbslocal.com,Male,aacreman5,jXWJaw7L
7,Janka,Scarsbrick,jscarsbrick6@vistaprint.com,Female,jscarsbrick6,pzeCJaVnNm
8,Cristen,MacParlan,cmacparlan7@furl.net,Female,cmacparlan7,omwHuS
9,Jonathan,Hindmoor,jhindmoor8@mit.edu,Male,jhindmoor8,tFMXwtWTbf
10,Warner,Bonnin,wbonnin9@diigo.com,Male,wbonnin9,L6QTYH
11,Lyn,Abrahamovitz,labrahamovitza@nifty.com,Female,labrahamovitza,eU2uIHZFa
12,Waylan,Meeson,wmeesonb@utexas.edu,Male,wmeesonb,vstMeR
13,Wynn,Spare,wsparec@epa.gov,Male,wsparec,wXmUr1
14,Corty,O'Coskerry,cocoskerryd@reverbnation.com,Male,cocoskerryd,SsSxMHx
15,Hammad,Clappison,hclappisone@reuters.com,Male,hclappisone,rqx59C6
16,Lisette,Langhorn,llanghornf@nydailynews.com,Female,llanghornf,jDGmwngcT
17,Eleni,Renn,erenng@state.gov,Female,erenng,wPny6t
18,Jere,Hynard,jhynardh@digg.com,Male,jhynardh,DmvYFGg
19,Lexie,Moles,lmolesi@bloglines.com,Female,lmolesi,dpaQ2q
20,Manya,Dinesen,mdinesenj@delicious.com,Female,mdinesenj,oTXfNj5Te
21,Margit,Webby,mwebbyk@umich.edu,Female,mwebbyk,5Bj3ZD
22,Joyan,Masterman,jmastermanl@networkadvertising.org,Female,jmastermanl,DITCATRF9
23,Andee,Cuerdall,acuerdallm@ycombinator.com,Female,acuerdallm,1dFVBAsW
24,Florina,Haggett,fhaggettn@theguardian.com,Female,fhaggettn,PLuLhQiED5u
25,Thatch,Heaker,theakero@so-net.ne.jp,Male,theakero,dhRPfpPGClq
26,Maynord,John,mjohnp@census.gov,Male,mjohnp,bYD9e8OFc1c6
27,Con,Brugemann,cbrugemannq@unc.edu,Male,cbrugemannq,IEHd2Kp8
28,Merralee,McCluin,mmccluinr@wired.com,Female,mmccluinr,5XaxGlQWux5
29,Bogey,Force,bforces@cnet.com,Male,bforces,eAYh44R
30,Mellie,Brightey,mbrighteyt@salon.com,Female,mbrighteyt,GfwLyWD29rlv
31,Marcille,Corns,mcornsu@bloglines.com,Female,mcornsu,9vLuWHzFEu
32,Cody,Minshull,cminshullv@homestead.com,Female,cminshullv,mnjdzUpZQOAf
33,Dougy,Osant,dosantw@yale.edu,Male,dosantw,SEviXZ
34,Olia,Ruppertz,oruppertzx@gravatar.com,Female,oruppertzx,GZ9huIMWzgps
35,Nick,MacKinnon,nmackinnony@1und1.de,Male,nmackinnony,O8EoIl
36,Dimitri,Saer,dsaerz@istockphoto.com,Male,dsaerz,Yh1Dw2
37,Kipp,De Vere,kdevere10@vkontakte.ru,Male,kdevere10,2wLu43TQ
38,Elvin,Tejada,etejada11@microsoft.com,Male,etejada11,aKZpw3fZAs0
39,Benny,Astill,bastill12@hostgator.com,Male,bastill12,YNhxeZj
40,Sholom,Kezar,skezar13@t.co,Male,skezar13,XpBU7nijTUE
41,Sonja,Crippin,scrippin14@webmd.com,Female,scrippin14,98yveKzm
42,Fleming,O'Downe,fodowne15@google.de,Male,fodowne15,IlLFKprv1h
43,Maxie,Esterbrook,mesterbrook16@who.int,Male,mesterbrook16,4naHSS
44,Devora,Speight,dspeight17@wp.com,Female,dspeight17,WKh2qRS2
45,Lenette,Amber,lamber18@newyorker.com,Female,lamber18,nrfz96
46,Clayton,Jager,cjager19@cdbaby.com,Male,cjager19,AynVQsnvdcV
47,Clarke,Mabson,cmabson1a@mysql.com,Male,cmabson1a,1Tx0JB
48,Barbee,Bierton,bbierton1b@discovery.com,Female,bbierton1b,FTZs47b
49,Shurlocke,Feehily,sfeehily1c@usda.gov,Male,sfeehily1c,NAwxf9ooLu
50,Sly,Farthing,sfarthing1d@hhs.gov,Male,sfarthing1d,nrrg2kXh4gxn
51,Marlowe,Beardsall,mbeardsall1e@oaic.gov.au,Male,mbeardsall1e,vmiQpZs1X
52,Dee dee,Baines,dbaines1f@over-blog.com,Female,dbaines1f,3mGLQ40
53,Skell,Speed,sspeed1g@dailymail.co.uk,Male,sspeed1g,qVmS7uQb
54,Cairistiona,Cardinale,ccardinale1h@list-manage.com,Female,ccardinale1h,ImLf0my
55,Petunia,McBeath,pmcbeath1i@w3.org,Female,pmcbeath1i,tEaMQ6X
56,Augusta,Bermingham,abermingham1j@spotify.com,Female,abermingham1j,vtDSxF1YbIDt
57,Templeton,Brayley,tbrayley1k@networksolutions.com,Male,tbrayley1k,MdIAX4Ve6tX
58,Nert,Keeves,nkeeves1l@so-net.ne.jp,Female,nkeeves1l,iyn4boXtf
59,Eduard,McDyer,emcdyer1m@seesaa.net,Male,emcdyer1m,N4hOchkO6hi
60,Ashil,O' Mahony,aomahony1n@dailymail.co.uk,Female,aomahony1n,J2PsK3JyYDKm
61,Mort,Larraway,mlarraway1o@epa.gov,Male,mlarraway1o,Oj7TgSZi0
62,Sunshine,Drees,sdrees1p@naver.com,Female,sdrees1p,p2YPydhQrG
63,Ashby,Ridgwell,aridgwell1q@washington.edu,Male,aridgwell1q,sMid8B3NpE
64,Roanne,Bennen,rbennen1r@bloomberg.com,Female,rbennen1r,YSj86ZPCgT
65,Marta,Frostdicke,mfrostdicke1s@sphinn.com,Female,mfrostdicke1s,GhV6pxOWKaLW
66,Brand,Entwhistle,bentwhistle1t@gizmodo.com,Male,bentwhistle1t,l0VB2eIv6lW
67,Nicolis,Tunbridge,ntunbridge1u@netlog.com,Male,ntunbridge1u,u1UNN9CFc69L
68,Vivianna,Leadbetter,vleadbetter1v@clickbank.net,Female,vleadbetter1v,CYY1jlWOZCFf
69,Mellicent,Jevons,mjevons1w@dedecms.com,Female,mjevons1w,9D49AL
70,Magdalena,Schaffler,mschaffler1x@reference.com,Female,mschaffler1x,ZH5Y6xl1
71,Sheri,Scarsbrook,sscarsbrook1y@smugmug.com,Female,sscarsbrook1y,ZFLkfK4VJ
72,Pascale,Hellikes,phellikes1z@edublogs.org,Male,phellikes1z,vqEA3I
73,Nollie,Roocroft,nroocroft20@youtu.be,Female,nroocroft20,19niMADe
74,Krysta,Grange,kgrange21@xing.com,Female,kgrange21,nOwYujblJQ
75,Betti,McNaughton,bmcnaughton22@macromedia.com,Female,bmcnaughton22,pX0nbVBZVlEi
76,Horten,Mulliner,hmulliner23@columbia.edu,Male,hmulliner23,ydBy8g
77,Piotr,Djokic,pdjokic24@europa.eu,Male,pdjokic24,hepYWsjG
78,Harley,Heathfield,hheathfield25@barnesandnoble.com,Female,hheathfield25,F61jhU2mXHsX
79,Chase,Lumox,clumox26@storify.com,Male,clumox26,orDQb6cv
80,Karna,Breukelman,kbreukelman27@hao123.com,Female,kbreukelman27,s0H5cuBY
81,Janenna,Naper,jnaper28@networkadvertising.org,Female,jnaper28,fqZxbpkIr
82,Twyla,Imloch,timloch29@squidoo.com,Female,timloch29,hlcc4g8M
83,Hyacintha,Whitham,hwhitham2a@washingtonpost.com,Female,hwhitham2a,Kd51yAFgn9qV
84,Royal,Bogeys,rbogeys2b@bandcamp.com,Male,rbogeys2b,8KjfesO
85,Cristen,Hillhouse,chillhouse2c@flickr.com,Female,chillhouse2c,JrE4f30PU
86,Germain,Confort,gconfort2d@jigsy.com,Female,gconfort2d,QXU3xsKj
87,Arnoldo,Reggler,areggler2e@cbc.ca,Male,areggler2e,n4b2pFB
88,Loren,Tettersell,ltettersell2f@bbc.co.uk,Female,ltettersell2f,bONltxVrM
89,Ritchie,Pettecrew,rpettecrew2g@japanpost.jp,Male,rpettecrew2g,v7W2SQw5
90,Rodi,Ivanenko,rivanenko2h@purevolume.com,Female,rivanenko2h,rkLXsz
91,Barbee,Grenfell,bgrenfell2i@globo.com,Female,bgrenfell2i,f3D3BKA
92,Gray,Knowlton,gknowlton2j@berkeley.edu,Male,gknowlton2j,Bbnoshc7vnMn
93,Lindy,Mesias,lmesias2k@cafepress.com,Male,lmesias2k,oa5cOQcuErQT
94,Margarette,Romaine,mromaine2l@fastcompany.com,Female,mromaine2l,rYbM7Nvz
95,Elwyn,Falls,efalls2m@gmpg.org,Male,efalls2m,BwuktvWv0w
96,Kath,Bierling,kbierling2n@etsy.com,Female,kbierling2n,jb7ERYZgTl
97,Susi,Angrick,sangrick2o@51.la,Female,sangrick2o,GXX6YyhCn
98,Neysa,Buckoke,nbuckoke2p@furl.net,Female,nbuckoke2p,6xpWvr
99,Chick,Dymick,cdymick2q@mac.com,Male,cdymick2q,pWX84O
100,Neil,Goodman,ngoodman2r@engadget.com,Male,ngoodman2r,nNcBXDx
101,Nara,McGaugan,nmcgaugan2s@moonfruit.com,Female,nmcgaugan2s,jNJZ5Nw
102,Onida,Whiles,owhiles2t@pen.io,Female,owhiles2t,N9DiboxKMYb
103,Armin,Pes,apes2u@bloomberg.com,Male,apes2u,xUO9PpIM
104,Darill,Thieme,dthieme2v@prnewswire.com,Male,dthieme2v,Kdw1wqBYH
105,Franny,Fippe,ffippe2w@usnews.com,Male,ffippe2w,ccAf7otDgC
106,Flynn,Hinnerk,fhinnerk2x@booking.com,Male,fhinnerk2x,D8vuWVs8CM
107,Lindy,Gregor,lgregor2y@uol.com.br,Female,lgregor2y,dV5Y7Zk0Hd6l
108,Reed,Meakes,rmeakes2z@wired.com,Male,rmeakes2z,xtD3EhzYt6z
109,Etheline,Gue,egue30@washingtonpost.com,Female,egue30,rWIA0f3Py
110,Rowena,Carrane,rcarrane31@marketwatch.com,Female,rcarrane31,egBzQji
111,Farly,Petrolli,fpetrolli32@engadget.com,Male,fpetrolli32,87g1ELIJSIX
112,Garnet,McGaffey,gmcgaffey33@scribd.com,Female,gmcgaffey33,d5bygKG
113,Cathyleen,Ellerey,cellerey34@alibaba.com,Female,cellerey34,dRh5mb2bR
114,Gardiner,Solomonides,gsolomonides35@fda.gov,Male,gsolomonides35,7ko1CH5fD
115,Link,Evans,levans36@rakuten.co.jp,Male,levans36,rpm9Kt
116,Brice,Umney,bumney37@cdbaby.com,Male,bumney37,aZqLdn4
117,Marlo,Grafham,mgrafham38@tiny.cc,Female,mgrafham38,p6zIeeA
118,Heather,Eam,heam39@ycombinator.com,Female,heam39,5pg6lOZut
119,Randa,Gowanson,rgowanson3a@ovh.net,Female,rgowanson3a,6qH1g4lGLBq
120,Andie,O'Doherty,aodoherty3b@skype.com,Male,aodoherty3b,TqtWkgva2
121,Cassi,Done,cdone3c@spotify.com,Female,cdone3c,6NSYKCizJloQ
122,Ansley,Vasyukov,avasyukov3d@ask.com,Female,avasyukov3d,3jd8q5jAkva3
123,Katuscha,MacMeanma,kmacmeanma3e@yellowpages.com,Female,kmacmeanma3e,Fso2vJ6Lj8V
124,Adel,Pillington,apillington3f@indiegogo.com,Female,apillington3f,A2G3Lmar
125,Myrah,Shovel,mshovel3g@google.com.br,Female,mshovel3g,2tLZ2GU32
126,Clement,Brozek,cbrozek3h@parallels.com,Male,cbrozek3h,rt2nuLUO
127,Gardie,De L'Isle,gdelisle3i@ftc.gov,Male,gdelisle3i,mOjAA4l5p1
128,Charles,Messom,cmessom3j@github.io,Male,cmessom3j,FrZ2ggOf
129,Hilary,Barnes,hbarnes3k@homestead.com,Male,hbarnes3k,5WGy6WUTgGn
130,Tova,Grzegorzewski,tgrzegorzewski3l@tinypic.com,Female,tgrzegorzewski3l,O0j9Ot5w
131,Bayard,Duplain,bduplain3m@clickbank.net,Male,bduplain3m,aul4Kc05Y
132,Orelee,Fortnon,ofortnon3n@skype.com,Female,ofortnon3n,DIXtPZ6v
133,Concettina,Matias,cmatias3o@amazon.com,Female,cmatias3o,TgYyJTHW6zgW
134,Jo-ann,Elesander,jelesander3p@wikispaces.com,Female,jelesander3p,KRXEgnsW
135,Sarena,Keenlyside,skeenlyside3q@mozilla.org,Female,skeenlyside3q,vpAiWl0G4J
136,Nariko,L'Episcopi,nlepiscopi3r@cam.ac.uk,Female,nlepiscopi3r,py391VKgq7S
137,Georgeanna,McLese,gmclese3s@wikispaces.com,Female,gmclese3s,JO7qcU1Mp5k
138,Amalee,Orgill,aorgill3t@google.de,Female,aorgill3t,xfbt6tVl
139,Anatollo,Welfare,awelfare3u@naver.com,Male,awelfare3u,AjowKxh3oRhr
140,Joanie,Valek,jvalek3v@digg.com,Female,jvalek3v,em0a8xuHcqR
141,Rodrigo,Comoletti,rcomoletti3w@jigsy.com,Male,rcomoletti3w,pikGLnDlx
142,Agata,Jeaneau,ajeaneau3x@chicagotribune.com,Female,ajeaneau3x,GhPFfryEIU
143,Terrijo,Smees,tsmees3y@nba.com,Female,tsmees3y,T07KQb
144,Ware,McKaile,wmckaile3z@jugem.jp,Male,wmckaile3z,ScuKsD6T
145,Nixie,Navarre,nnavarre40@state.tx.us,Female,nnavarre40,FfmDDk
146,Gerhardt,Peaden,gpeaden41@devhub.com,Male,gpeaden41,M7Kglgjl
147,Missy,Betjes,mbetjes42@latimes.com,Female,mbetjes42,VoYqraRRA
148,Stavro,Prestland,sprestland43@moonfruit.com,Male,sprestland43,JgTzxv6
149,Carleton,Dosdell,cdosdell44@earthlink.net,Male,cdosdell44,kYv56Km6Lfyi
150,Minni,Heelis,mheelis45@list-manage.com,Female,mheelis45,Exork0
151,Dew,Fuller,dfuller46@deliciousdays.com,Male,dfuller46,bFbZc7Czioe
152,Ring,Brackstone,rbrackstone47@va.gov,Male,rbrackstone47,mRJytsnj
153,Arlen,Drivers,adrivers48@goo.ne.jp,Female,adrivers48,ed0afg07d
154,Reyna,Pardal,rpardal49@multiply.com,Female,rpardal49,ADqdoPTC
155,Brande,Hayzer,bhayzer4a@toplist.cz,Female,bhayzer4a,0VPMWN6Pj
156,Gabie,Stegers,gstegers4b@slideshare.net,Male,gstegers4b,vFrlO9z
157,Carrie,Falconer,cfalconer4c@elpais.com,Female,cfalconer4c,PQzFSCte8rdW
158,Shanta,Gellier,sgellier4d@auda.org.au,Female,sgellier4d,pmNLEf
159,Evelyn,Normand,enormand4e@wix.com,Female,enormand4e,vTrToHl
160,Madelaine,Rides,mrides4f@uiuc.edu,Female,mrides4f,DX55HGy85d
161,Harri,Harnes,hharnes4g@admin.ch,Female,hharnes4g,QDIjcc4VUtkb
162,Guthrey,Eloi,geloi4h@addthis.com,Male,geloi4h,6g8piR
163,Lolita,Djordjevic,ldjordjevic4i@creativecommons.org,Female,ldjordjevic4i,2kZFdx5p
164,Roseanne,Hazael,rhazael4j@mtv.com,Female,rhazael4j,afrqSH
165,Kevina,Shaves,kshaves4k@google.ca,Female,kshaves4k,GPXVCG
166,Lorenza,Flux,lflux4l@parallels.com,Female,lflux4l,cY4acwKBvb
167,Cordi,MacDonald,cmacdonald4m@hostgator.com,Female,cmacdonald4m,gml46o57
168,Ewart,Pietrasik,epietrasik4n@4shared.com,Male,epietrasik4n,HfFXZh
169,Lorie,Auden,lauden4o@unc.edu,Female,lauden4o,jJNdF1e
170,Tuckie,Pittford,tpittford4p@yandex.ru,Male,tpittford4p,rj7WAGGf0
171,Marsiella,Ronchi,mronchi4q@soundcloud.com,Female,mronchi4q,jFLfXS6vD
172,Jephthah,Dukelow,jdukelow4r@amazon.de,Male,jdukelow4r,g4q2lE
173,Bernardine,Hyde-Chambers,bhydechambers4s@psu.edu,Female,bhydechambers4s,opskeUUq
174,Fara,Beardsall,fbeardsall4t@dagondesign.com,Female,fbeardsall4t,3KwQLQDsSu
175,Huntley,Munks,hmunks4u@smugmug.com,Male,hmunks4u,T5PUVW0YeYI
176,Tiena,Rand,trand4v@devhub.com,Female,trand4v,xdBMmnnRt
177,Fax,Rouf,frouf4w@miibeian.gov.cn,Male,frouf4w,o9KbBeZgd
178,Taylor,Pydcock,tpydcock4x@booking.com,Male,tpydcock4x,HHIe5Ycsnx1A
179,Frederica,Vanyashin,fvanyashin4y@soup.io,Female,fvanyashin4y,SVX8xMe2bK
180,Pavia,Starmer,pstarmer4z@wired.com,Female,pstarmer4z,eDoyScEt1
181,Joyous,MacPake,jmacpake50@ucsd.edu,Female,jmacpake50,g1bCiTJ9Zc
182,Hazel,Farlane,hfarlane51@stumbleupon.com,Male,hfarlane51,C9A3YANoZ
183,Binky,Simondson,bsimondson52@simplemachines.org,Male,bsimondson52,jolzeQJN
184,Ugo,Gregoretti,ugregoretti53@purevolume.com,Male,ugregoretti53,w09pLGLMgfz
185,Kahlil,Colquhoun,kcolquhoun54@ox.ac.uk,Male,kcolquhoun54,88aqEj2SIY7
186,Garrott,Tong,gtong55@aol.com,Male,gtong55,72YpSv
187,Lynnett,Fitchell,lfitchell56@loc.gov,Female,lfitchell56,GTUmkW6bbB
188,Damian,Crabbe,dcrabbe57@xing.com,Male,dcrabbe57,GVsF1X
189,Janna,Scamwell,jscamwell58@mayoclinic.com,Female,jscamwell58,VDVKAb6Y
190,Barnaby,Minchinton,bminchinton59@smh.com.au,Male,bminchinton59,aZsbSw3K
191,Franchot,Cahalin,fcahalin5a@abc.net.au,Male,fcahalin5a,YSvgeiImZd0I
192,Joshuah,Polding,jpolding5b@tamu.edu,Male,jpolding5b,g8ZrVq
193,Kristian,Masterson,kmasterson5c@thetimes.co.uk,Male,kmasterson5c,sVaFPdpDi8
194,Kenny,Timpany,ktimpany5d@homestead.com,Male,ktimpany5d,kQozWRN
195,Claude,Fewtrell,cfewtrell5e@blogtalkradio.com,Female,cfewtrell5e,uHrUCYZ
196,Derrik,Miller,dmiller5f@wix.com,Male,dmiller5f,i8PfrA0j
197,Elsa,Henzer,ehenzer5g@soup.io,Female,ehenzer5g,ksVtmBF
198,Corny,Dive,cdive5h@tinyurl.com,Male,cdive5h,e771W0V0ksA
199,Nickolai,Champagne,nchampagne5i@hao123.com,Male,nchampagne5i,3spBY94O
200,Alexi,Couzens,acouzens5j@woothemes.com,Female,acouzens5j,UI06HLEw
201,Giordano,Rosenhaupt,grosenhaupt5k@phpbb.com,Male,grosenhaupt5k,54FVq4
202,Lidia,Boleyn,lboleyn5l@whitehouse.gov,Female,lboleyn5l,sn6rS9
203,Kermie,Konerding,kkonerding5m@nsw.gov.au,Male,kkonerding5m,fwyGLHuKV4LB
204,Marigold,Dudeney,mdudeney5n@unc.edu,Female,mdudeney5n,2czBETdA
205,Ermina,Buddles,ebuddles5o@1und1.de,Female,ebuddles5o,7bTUgjzfu8
206,James,Blackden,jblackden5p@google.com.hk,Male,jblackden5p,tLbz2nVLQ5n
207,Devlen,Spellard,dspellard5q@github.io,Male,dspellard5q,nDNDGr5HcauA
208,Nicholas,Athelstan,nathelstan5r@seesaa.net,Male,nathelstan5r,cwdN3DX
209,Susannah,MacGovern,smacgovern5s@marriott.com,Female,smacgovern5s,sdBQ0Vx01
210,Anstice,Fosten,afosten5t@fastcompany.com,Female,afosten5t,kYtgqXBmJS
211,Lesli,Trathan,ltrathan5u@canalblog.com,Female,ltrathan5u,eZTnXKXHfaEn
212,Kelley,Pechold,kpechold5v@networkadvertising.org,Male,kpechold5v,rJg4k27Pn
213,Herculie,Playford,hplayford5w@liveinternet.ru,Male,hplayford5w,rtBnLafXmacd
214,Benjamen,Dankov,bdankov5x@topsy.com,Male,bdankov5x,dJqJdZ6e
215,Tate,Renehan,trenehan5y@dell.com,Female,trenehan5y,Er4vmxYdBi
216,Chrissie,Camosso,ccamosso5z@joomla.org,Male,ccamosso5z,VYwTqZ8FT
217,Junie,Gabites,jgabites60@hhs.gov,Female,jgabites60,GViLPQ
218,Emilio,Chaudret,echaudret61@free.fr,Male,echaudret61,D7rkQIc
219,Marlo,Wandtke,mwandtke62@list-manage.com,Female,mwandtke62,ZF5tdu3WOm
220,Albertine,Giacobazzi,agiacobazzi63@technorati.com,Female,agiacobazzi63,l4YHuj0Z2Dm6
221,Camilla,Hallan,challan64@csmonitor.com,Female,challan64,ApkBpSm
222,Eddi,Lindeman,elindeman65@desdev.cn,Female,elindeman65,KyPnQhYQQ
223,Isabelita,Magee,imagee66@hhs.gov,Female,imagee66,E7fReH
224,Sloane,Barthorpe,sbarthorpe67@npr.org,Male,sbarthorpe67,q4mmzW
225,Katie,Hamson,khamson68@infoseek.co.jp,Female,khamson68,puJJ4H
226,Fiona,Tern,ftern69@weather.com,Female,ftern69,3JaDBfqZxXI
227,Austine,Ailsbury,aailsbury6a@illinois.edu,Female,aailsbury6a,QcKBG0ZElAs
228,Madelena,Paulley,mpaulley6b@va.gov,Female,mpaulley6b,odnrbEt
229,Raf,Lotwich,rlotwich6c@nasa.gov,Female,rlotwich6c,GIsVSuN
230,Catherina,Lycett,clycett6d@sitemeter.com,Female,clycett6d,QCqghj3qR
231,Vania,Spollen,vspollen6e@tuttocitta.it,Female,vspollen6e,V8kdA7Zl1WL
232,Melinde,McCandless,mmccandless6f@auda.org.au,Female,mmccandless6f,aPFusP2bbz7
233,Vita,Laxon,vlaxon6g@constantcontact.com,Female,vlaxon6g,rn0sf6
234,Culley,Whitehall,cwhitehall6h@cloudflare.com,Male,cwhitehall6h,fja63UEy
235,Berkeley,Rogerson,brogerson6i@ftc.gov,Male,brogerson6i,Nx8nHd33
236,Nicolis,Kibby,nkibby6j@themeforest.net,Male,nkibby6j,aSGbYGuJ
237,Joanie,Hairsine,jhairsine6k@tripod.com,Female,jhairsine6k,cwT9fFK
238,Carri,Provest,cprovest6l@gmpg.org,Female,cprovest6l,EfHBBaAw
239,Arlyn,Kohn,akohn6m@tamu.edu,Female,akohn6m,ovtefupJaT
240,Burlie,Worster,bworster6n@accuweather.com,Male,bworster6n,LvcHtcJ12VLK
241,Drud,Boxhill,dboxhill6o@craigslist.org,Male,dboxhill6o,PdsOrog1
242,Willey,Finlaison,wfinlaison6p@google.de,Male,wfinlaison6p,AFHFNA
243,Cam,Vellender,cvellender6q@liveinternet.ru,Male,cvellender6q,TggR1sr94vNk
244,Suzanne,Edgerton,sedgerton6r@tiny.cc,Female,sedgerton6r,rMqlsgPO
245,Brnaby,Vice,bvice6s@fotki.com,Male,bvice6s,vbUlbGxX
246,Gilberte,Lauxmann,glauxmann6t@google.ca,Female,glauxmann6t,fZDdjOm
247,Loren,William,lwilliam6u@aol.com,Female,lwilliam6u,q6XxMF2uOFg
248,Cecilla,Itscowicz,citscowicz6v@utexas.edu,Female,citscowicz6v,ztQsR2zNfEl
249,Aubrette,Bromfield,abromfield6w@csmonitor.com,Female,abromfield6w,WeowSK82C
250,Kendal,Onians,konians6x@whitehouse.gov,Male,konians6x,8bY4NIvC5z4q
251,Abel,Levington,alevington6y@myspace.com,Male,alevington6y,gWxsAnp3
252,Margaretta,Gulliford,mgulliford6z@flickr.com,Female,mgulliford6z,fEIe3dPaK
253,Sharia,Extill,sextill70@myspace.com,Female,sextill70,sRxTTlID
254,Calli,Stanfield,cstanfield71@cyberchimps.com,Female,cstanfield71,tAI8iEn4
255,Cassie,Hatwell,chatwell72@engadget.com,Male,chatwell72,4Nj1yPFQN8Z
256,Jean,Ilson,jilson73@cpanel.net,Female,jilson73,uFTKiN1
257,Kellen,Duckham,kduckham74@umich.edu,Female,kduckham74,Ft3Fd8exOF7U
258,Vittoria,Aucock,vaucock75@sogou.com,Female,vaucock75,Rh69aI9U
259,Joelle,Rivenzon,jrivenzon76@furl.net,Female,jrivenzon76,8wK50g7IRTNm
260,Emmalynn,Germon,egermon77@newsvine.com,Female,egermon77,zrizvDuqojfU
261,Brandi,Edyson,bedyson78@marketwatch.com,Female,bedyson78,Tw1CJZwLSZ
262,Aaren,Leask,aleask79@sourceforge.net,Female,aleask79,mSNtvIrBBddP
263,Keefer,Swanwick,kswanwick7a@hhs.gov,Male,kswanwick7a,fUQZERLRn
264,Magdalen,Blayd,mblayd7b@google.de,Female,mblayd7b,Uh1y7ORg
265,Eachelle,Glancey,eglancey7c@bloglovin.com,Female,eglancey7c,rJ9zDuCr7np
266,Stella,Buckhurst,sbuckhurst7d@ustream.tv,Female,sbuckhurst7d,xoIaCLccn
267,Baron,Viegas,bviegas7e@seesaa.net,Male,bviegas7e,WahapYzQ
268,Poul,Squeers,psqueers7f@ucsd.edu,Male,psqueers7f,HhVc2j
269,Zita,Wipfler,zwipfler7g@wsj.com,Female,zwipfler7g,MujXZfpTZxh
270,Mariya,Simeonov,msimeonov7h@youtube.com,Female,msimeonov7h,SdwgfnUD870
271,Idaline,Walewicz,iwalewicz7i@about.com,Female,iwalewicz7i,OdARM1
272,Idalina,Falkner,ifalkner7j@cpanel.net,Female,ifalkner7j,35llj8C87c1Y
273,Ashil,Hannon,ahannon7k@boston.com,Female,ahannon7k,ohlvjBTFyvy
274,Yul,Scemp,yscemp7l@amazon.co.jp,Male,yscemp7l,QfrsTR
275,Denver,Hatch,dhatch7m@bing.com,Male,dhatch7m,uQysh0dVDn
276,Barth,Orans,borans7n@eventbrite.com,Male,borans7n,0r1BpXzc
277,Domingo,Egerton,degerton7o@sogou.com,Male,degerton7o,yoFHw1CaXe
278,Dennet,Beldon,dbeldon7p@123-reg.co.uk,Male,dbeldon7p,fLsXWJUA
279,Mozes,Fillery,mfillery7q@yale.edu,Male,mfillery7q,bRTNxJ
280,Aksel,Dubois,adubois7r@ed.gov,Male,adubois7r,rOYw6CxmNUls
281,Karlis,Eldin,keldin7s@domainmarket.com,Male,keldin7s,ctPRlaBt1vLy
282,Meridel,Kelsow,mkelsow7t@scribd.com,Female,mkelsow7t,nVIkJclRkxZl
283,Mitch,Lewson,mlewson7u@whitehouse.gov,Male,mlewson7u,GtCMe9nzCsjy
284,Gian,Minghi,gminghi7v@barnesandnoble.com,Male,gminghi7v,V031FuTR1H2
285,Iver,Heathcott,iheathcott7w@addtoany.com,Male,iheathcott7w,wq16dplaa
286,Bili,Marcinkus,bmarcinkus7x@tmall.com,Female,bmarcinkus7x,DiK3TNyr4VDM
287,Eward,Dayment,edayment7y@biblegateway.com,Male,edayment7y,c5cDfG6GO
288,Hussein,Mallalieu,hmallalieu7z@spotify.com,Male,hmallalieu7z,n6Oxm4
289,Ruggiero,Oakley,roakley80@scribd.com,Male,roakley80,PCJFHJ
290,Merline,Coleman,mcoleman81@ca.gov,Female,mcoleman81,V2P8coG1nF3
291,Rip,Litel,rlitel82@cnn.com,Male,rlitel82,ptLuUGA
292,Esme,Stealfox,estealfox83@mashable.com,Female,estealfox83,9RcxeNcMyl5L
293,Channa,Mynett,cmynett84@about.me,Female,cmynett84,yEDhf02dc
294,Gaven,Labern,glabern85@stumbleupon.com,Male,glabern85,OvpZIyXf0Z
295,Corey,Haversum,chaversum86@moonfruit.com,Female,chaversum86,jzai04d0spi
296,Arv,Nancarrow,anancarrow87@usatoday.com,Male,anancarrow87,tyr0WDNHY
297,Sidney,Osmond,sosmond88@surveymonkey.com,Male,sosmond88,Wmo4fGC
298,Berton,Hill,bhill89@skype.com,Male,bhill89,7kdrvr1NN
299,Christiane,Crutchley,ccrutchley8a@seattletimes.com,Female,ccrutchley8a,S9plabKN0
300,Korella,Hazel,khazel8b@angelfire.com,Female,khazel8b,4NxlgLM3r0PL
301,Abigale,Mac Giolla Pheadair,amacgiollapheadair8c@telegraph.co.uk,Female,amacgiollapheadair8c,NN5AxonBh
302,Dulcinea,Snar,dsnar8d@google.cn,Female,dsnar8d,zbqYyBluE
303,Galen,Wurz,gwurz8e@umn.edu,Male,gwurz8e,6kAlHa
304,Glenn,Vieyra,gvieyra8f@soundcloud.com,Male,gvieyra8f,A9RsCdUWG1wE
305,Palmer,Hasson,phasson8g@vkontakte.ru,Male,phasson8g,BtiC4wu
306,Lodovico,Ibbitson,libbitson8h@freewebs.com,Male,libbitson8h,oKin9O
307,Edie,Dorn,edorn8i@ning.com,Female,edorn8i,lIAyqx2X
308,Lester,Nyles,lnyles8j@discuz.net,Male,lnyles8j,oM7grpr
309,Finlay,Banasik,fbanasik8k@shareasale.com,Male,fbanasik8k,TmVeIFUhr0
310,Kendrick,Garms,kgarms8l@miitbeian.gov.cn,Male,kgarms8l,7DVq25K7h52
311,Papageno,Landor,plandor8m@springer.com,Male,plandor8m,IANdGXy
312,Steffane,Carrick,scarrick8n@tuttocitta.it,Female,scarrick8n,DoESTmEJSbxk
313,Gerome,Grenshiels,ggrenshiels8o@edublogs.org,Male,ggrenshiels8o,MUEBrqbZj8
314,Benn,Eckery,beckery8p@nba.com,Male,beckery8p,2nB5GYob
315,Woodman,Mosedill,wmosedill8q@indiatimes.com,Male,wmosedill8q,Y5Fqd1a6
316,Angelina,Wyrall,awyrall8r@bloomberg.com,Female,awyrall8r,s7H0Ll1H
317,Ramon,Divine,rdivine8s@house.gov,Male,rdivine8s,ah7dx56Zo
318,Deb,Woofenden,dwoofenden8t@shop-pro.jp,Female,dwoofenden8t,r7pwiZm
319,Gustavus,Hallmark,ghallmark8u@geocities.jp,Male,ghallmark8u,bpr4BTHglJcG
320,Marilee,Pereira,mpereira8v@stanford.edu,Female,mpereira8v,IyySPZM
321,Winnie,Trippack,wtrippack8w@tinypic.com,Male,wtrippack8w,9euh417Zg
322,Neysa,Guillotin,nguillotin8x@dmoz.org,Female,nguillotin8x,SeYWfl1kWyq
323,Pauletta,Koch,pkoch8y@unblog.fr,Female,pkoch8y,Oz6WOlzA8w7
324,Jillene,Truder,jtruder8z@webmd.com,Female,jtruder8z,oDBI9eD
325,Haleigh,Andrioli,handrioli90@scribd.com,Female,handrioli90,s9Rw3z3
326,Cordy,Drissell,cdrissell91@shop-pro.jp,Male,cdrissell91,bj8Ns7K45J
327,Bertrand,Scales,bscales92@state.gov,Male,bscales92,JN3DUUYwgQm
328,Saunder,Baumaier,sbaumaier93@joomla.org,Male,sbaumaier93,rdC9zR3SPqAB
329,Dominic,Episcopio,depiscopio94@irs.gov,Male,depiscopio94,lo8iU5E6kXH
330,Jaime,Mardall,jmardall95@scientificamerican.com,Female,jmardall95,Ojct8BK5W
331,Demetri,Crumly,dcrumly96@hao123.com,Male,dcrumly96,J8e3Ly
332,Jannelle,Walters,jwalters97@princeton.edu,Female,jwalters97,PZ6Db5UUzE
333,Orv,Blas,oblas98@uiuc.edu,Male,oblas98,ZpCT2ma
334,Rena,Putten,rputten99@arstechnica.com,Female,rputten99,zMrdbGNA
335,Austin,Heggman,aheggman9a@lycos.com,Male,aheggman9a,MnDHzl
336,Concordia,Clarae,cclarae9b@state.tx.us,Female,cclarae9b,JWHZIq03
337,Forrest,Creber,fcreber9c@skyrock.com,Male,fcreber9c,HpL88Es
338,Gerick,Gounard,ggounard9d@goo.gl,Male,ggounard9d,MA1goBLAk5Xr
339,Nessa,Redington,nredington9e@ow.ly,Female,nredington9e,OTFcWA
340,Lotta,Elderton,lelderton9f@is.gd,Female,lelderton9f,1eS40N
341,Jethro,Witz,jwitz9g@bbc.co.uk,Male,jwitz9g,8NRdRW1
342,Cordell,Radclyffe,cradclyffe9h@example.com,Male,cradclyffe9h,CnVwYfI6wqF
343,Clemmie,Forge,cforge9i@ycombinator.com,Male,cforge9i,UCWrWm
344,Winona,Penylton,wpenylton9j@yale.edu,Female,wpenylton9j,girQkvPY
345,Vivien,Joddens,vjoddens9k@sfgate.com,Female,vjoddens9k,xG89rRN3G
346,Jerrilee,Rounsefull,jrounsefull9l@networkadvertising.org,Female,jrounsefull9l,8MLOA5dit
347,Elaina,Ellerbeck,eellerbeck9m@goo.ne.jp,Female,eellerbeck9m,KklzGY
348,Skipton,Danzig,sdanzig9n@moonfruit.com,Male,sdanzig9n,Ib0GGH
349,Nickey,Bunting,nbunting9o@cbc.ca,Male,nbunting9o,wzeAFAp3DHx
350,Skell,Assandri,sassandri9p@woothemes.com,Male,sassandri9p,Vlwhx6nEm
351,Adria,Beddall,abeddall9q@t-online.de,Female,abeddall9q,dpbvOnXV
352,Andra,Swate,aswate9r@twitter.com,Female,aswate9r,KkPFf4H
353,Tobit,Smurfit,tsmurfit9s@washington.edu,Male,tsmurfit9s,aO7lsTGcc
354,Howie,Randles,hrandles9t@opera.com,Male,hrandles9t,yTJV65Ktgg
355,Del,Vearncomb,dvearncomb9u@technorati.com,Male,dvearncomb9u,OaI7w4GHmu5m
356,Barnabe,Ausello,bausello9v@tripadvisor.com,Male,bausello9v,hSaOb510moXO
357,Ingmar,Laverick,ilaverick9w@hud.gov,Male,ilaverick9w,8UCdSo
358,Lillian,Maryon,lmaryon9x@reference.com,Female,lmaryon9x,Wz72J0
359,Berkeley,Lambe,blambe9y@hexun.com,Male,blambe9y,4qNZvaDLsfK
360,Edin,Joicey,ejoicey9z@wikispaces.com,Female,ejoicey9z,lRJTtU1f
361,Hansiain,Bicknell,hbicknella0@boston.com,Male,hbicknella0,HAvvz3
362,Johan,Ofen,jofena1@smh.com.au,Male,jofena1,aRREVMN6
363,Bobina,Uzzell,buzzella2@toplist.cz,Female,buzzella2,YcUGP2pV
364,Joannes,Yelding,jyeldinga3@desdev.cn,Female,jyeldinga3,bUTYplni
365,Julius,Dauncey,jdaunceya4@tuttocitta.it,Male,jdaunceya4,PGoKAN
366,Dolf,Skettles,dskettlesa5@nydailynews.com,Male,dskettlesa5,vaXpQpGS
367,Seumas,Oddboy,soddboya6@sourceforge.net,Male,soddboya6,k4g6XVHLkc5
368,Humfrid,Melan,hmelana7@google.co.jp,Male,hmelana7,MiY051Mysuj
369,Ashley,Gourlie,agourliea8@lycos.com,Male,agourliea8,jllROYX7sxE
370,Ambrosio,Swiffin,aswiffina9@wordpress.com,Male,aswiffina9,CJJEVDFKp
371,Waneta,Smiths,wsmithsaa@time.com,Female,wsmithsaa,Ciy8gh1mlU
372,Riley,Yole,ryoleab@barnesandnoble.com,Male,ryoleab,nLI2m6
373,Byran,Terrans,bterransac@wunderground.com,Male,bterransac,SDHqzL4z
374,Marillin,Coviello,mcovielload@mail.ru,Female,mcovielload,XspbMlZ40qL0
375,Garrett,Winterbourne,gwinterbourneae@naver.com,Male,gwinterbourneae,668NzEW
376,Maye,Hampe,mhampeaf@youtu.be,Female,mhampeaf,JNPsObtbG
377,Frank,Schimoni,fschimoniag@unc.edu,Male,fschimoniag,RMe0cSUMaAUr
378,Clotilda,Quirke,cquirkeah@example.com,Female,cquirkeah,U8vXL8q3N
379,Lyn,Good,lgoodai@lulu.com,Male,lgoodai,JyGrwlgm
380,Annis,Wallice,awalliceaj@utexas.edu,Female,awalliceaj,QOZI19tgm
381,Roxana,Portlock,rportlockak@hugedomains.com,Female,rportlockak,iESZMhN
382,Duffy,Everard,deverardal@cargocollective.com,Male,deverardal,bVc4QQ
383,Paxton,Firsby,pfirsbyam@pen.io,Male,pfirsbyam,aMUDvBT156
384,Briana,Rany,branyan@accuweather.com,Female,branyan,S2ECuhS1ADEB
385,Donaugh,Spurdens,dspurdensao@amazon.co.uk,Male,dspurdensao,d3Yqa8XSF
386,Waly,Birchall,wbirchallap@barnesandnoble.com,Female,wbirchallap,zGs5Yak
387,Emlen,Clover,ecloveraq@list-manage.com,Male,ecloveraq,YZUIxd
388,Deane,Rouke,droukear@china.com.cn,Male,droukear,ndcYJk
389,Rozanna,Mc Faul,rmcfaulas@independent.co.uk,Female,rmcfaulas,hnPOdAKFdC
390,Billie,Morena,bmorenaat@indiegogo.com,Male,bmorenaat,HcFrZvM3J
391,Clara,Stanyforth,cstanyforthau@xing.com,Female,cstanyforthau,DuCpC0w5uO
392,Carley,Nott,cnottav@mysql.com,Female,cnottav,w39ggSj16
393,Reece,Schiersch,rschierschaw@sina.com.cn,Male,rschierschaw,QJozUNtvKV
394,Benyamin,Kendred,bkendredax@uol.com.br,Male,bkendredax,kQBENjYJ
395,Donnamarie,Roscam,droscamay@pinterest.com,Female,droscamay,W994Bx4H
396,Bar,Winstanley,bwinstanleyaz@blinklist.com,Male,bwinstanleyaz,cy9gbm
397,Lilli,Ubsdell,lubsdellb0@ox.ac.uk,Female,lubsdellb0,m2iVI7bB
398,Eugen,Van der Veldt,evanderveldtb1@deviantart.com,Male,evanderveldtb1,kDeHAZq
399,Joanie,Kaesmakers,jkaesmakersb2@netscape.com,Female,jkaesmakersb2,38FAv2G
400,Constance,Silbert,csilbertb3@t-online.de,Female,csilbertb3,YmITRIP
401,Orson,Marden,omardenb4@cafepress.com,Male,omardenb4,EvR6wCo6
402,Robby,Baudin,rbaudinb5@uiuc.edu,Female,rbaudinb5,4ksffemI4
403,Elke,Luxford,eluxfordb6@amazon.co.jp,Female,eluxfordb6,3hXCF0U
404,Ransom,Danko,rdankob7@jugem.jp,Male,rdankob7,QJoepL
405,Clerissa,Labitt,clabittb8@ca.gov,Female,clabittb8,fWaQ0z
406,Ivonne,Eliez,ieliezb9@ask.com,Female,ieliezb9,NlD8xXv
407,Zacharias,Bowell,zbowellba@buzzfeed.com,Male,zbowellba,B9Kuqog4l
408,Orville,Blackham,oblackhambb@tmall.com,Male,oblackhambb,Ciza7OXEPR
409,Caldwell,Perryn,cperrynbc@ucsd.edu,Male,cperrynbc,eXsAq2Kq
410,Barnie,Jurca,bjurcabd@printfriendly.com,Male,bjurcabd,V4DnlbIrx9yL
411,Dirk,Ferrant,dferrantbe@apache.org,Male,dferrantbe,yoPmdk3n42
412,Domingo,Jarrard,djarrardbf@bizjournals.com,Male,djarrardbf,ErDh2TYS
413,Rosco,Duggan,rdugganbg@princeton.edu,Male,rdugganbg,rWD5Sz
414,Obadiah,Kadar,okadarbh@adobe.com,Male,okadarbh,1W3AsSN
415,Sher,Stopford,sstopfordbi@nifty.com,Female,sstopfordbi,EIvyoL9UA
416,Westbrook,Cromb,wcrombbj@psu.edu,Male,wcrombbj,BAkK24sOSMgM
417,Lucienne,Meake,lmeakebk@upenn.edu,Female,lmeakebk,7YOmTF
418,Noll,Vanyukhin,nvanyukhinbl@mediafire.com,Male,nvanyukhinbl,tKQooC7ty
419,Denys,Rittelmeyer,drittelmeyerbm@parallels.com,Male,drittelmeyerbm,5mGvUqILC0c
420,Durante,Stilldale,dstilldalebn@chron.com,Male,dstilldalebn,hxlQMf
421,Sheridan,Manifold,smanifoldbo@gravatar.com,Male,smanifoldbo,IHVXTxZ
422,Ebba,Considine,econsidinebp@hatena.ne.jp,Female,econsidinebp,p4ZYmvO
423,Ellyn,Bassano,ebassanobq@soup.io,Female,ebassanobq,Xh4bGF7
424,Panchito,Hamlen,phamlenbr@ifeng.com,Male,phamlenbr,6HBD5vfqDIB
425,Addy,Duffree,aduffreebs@noaa.gov,Male,aduffreebs,B2Q4VTmw
426,Olvan,Cornelis,ocornelisbt@cbc.ca,Male,ocornelisbt,y78GXGO52OY2
427,Eustacia,Vanacci,evanaccibu@tinyurl.com,Female,evanaccibu,y3oU8WD
428,Bobbe,Yoseloff,byoseloffbv@nba.com,Female,byoseloffbv,xfjc53L2u
429,Honor,Westwell,hwestwellbw@woothemes.com,Female,hwestwellbw,wl3Dp82cIou
430,Rudyard,Harme,rharmebx@yellowpages.com,Male,rharmebx,cbmPssR7Zyb
431,Kennith,Kupke,kkupkeby@hc360.com,Male,kkupkeby,zvCuDAhsWBbm
432,Demetris,Rew,drewbz@state.tx.us,Male,drewbz,Rjbt5b
433,Stacia,Ginity,sginityc0@comcast.net,Female,sginityc0,Y5iDlNy9I3
434,Rosa,Ortells,rortellsc1@csmonitor.com,Female,rortellsc1,S25Mki5
435,Ernesto,Chatband,echatbandc2@free.fr,Male,echatbandc2,VQkNzZf
436,Noby,Ratt,nrattc3@weibo.com,Male,nrattc3,1Mk5SosEXxv
437,Ellsworth,Spearman,espearmanc4@si.edu,Male,espearmanc4,MKBfFQy
438,Raoul,Robion,rrobionc5@boston.com,Male,rrobionc5,ypFPLMAmiA
439,Dorthy,De Morena,ddemorenac6@washingtonpost.com,Female,ddemorenac6,5pj3AZqg
440,Tildy,Pietzner,tpietznerc7@behance.net,Female,tpietznerc7,G0wplEZm9
441,Sarina,McAw,smcawc8@tiny.cc,Female,smcawc8,NMUOQWNO
442,Morganne,Duhig,mduhigc9@gov.uk,Female,mduhigc9,K6Fw5f08hp
443,Patsy,Diwell,pdiwellca@globo.com,Female,pdiwellca,UpVgH6He
444,Austin,Mardoll,amardollcb@reverbnation.com,Female,amardollcb,LVl6Mjl
445,Thorpe,Ryman,trymancc@wordpress.org,Male,trymancc,kU47KvbXuFOh
446,Mellicent,Petto,mpettocd@rakuten.co.jp,Female,mpettocd,5KWGyqDS8
447,Edouard,Miell,emiellce@biglobe.ne.jp,Male,emiellce,8IOxKxFlSf
448,Dawna,Hanby,dhanbycf@xrea.com,Female,dhanbycf,IAKtjqriv
449,May,Coggen,mcoggencg@tumblr.com,Female,mcoggencg,0pOHf6
450,Beulah,Akker,bakkerch@ifeng.com,Female,bakkerch,wTmZrY
451,Shanta,Bortolazzi,sbortolazzici@berkeley.edu,Female,sbortolazzici,IzyBFPy3
452,Jeanette,Culp,jculpcj@washington.edu,Female,jculpcj,zSBxYV07XC
453,Cissiee,Gimeno,cgimenock@un.org,Female,cgimenock,NFISc1
454,Cullen,Swanbourne,cswanbournecl@paginegialle.it,Male,cswanbournecl,6r0emVR
455,Thomasine,Podd,tpoddcm@cnbc.com,Female,tpoddcm,UIJbYGkt9kkP
456,Haslett,Meindl,hmeindlcn@sogou.com,Male,hmeindlcn,qQ8ILRlRlqB
457,Lotte,Earlam,learlamco@rakuten.co.jp,Female,learlamco,WL4iCDispS5
458,Giusto,Whiffin,gwhiffincp@constantcontact.com,Male,gwhiffincp,pk8qjJ0
459,Luis,Odd,loddcq@skype.com,Male,loddcq,HYLQkW2
460,Morgan,Leacock,mleacockcr@4shared.com,Female,mleacockcr,uxkWXcEw3Wpb
461,Hanson,Arrigucci,harriguccics@apache.org,Male,harriguccics,SBiKlX
462,Aron,Gash,agashct@desdev.cn,Male,agashct,AE20kuB
463,Rosemarie,Ellaman,rellamancu@disqus.com,Female,rellamancu,OnyrUpGM
464,Deedee,Labuschagne,dlabuschagnecv@cnn.com,Female,dlabuschagnecv,QegSOyBA
465,Bentlee,Cricket,bcricketcw@discovery.com,Male,bcricketcw,6KDUBVP
466,Boycie,Heading,bheadingcx@sciencedaily.com,Male,bheadingcx,T4mgcnJI6
467,Loydie,Jindra,ljindracy@wp.com,Male,ljindracy,HPdhMdIQ0HV
468,Maynard,Jirousek,mjirousekcz@discovery.com,Male,mjirousekcz,ImkEvGMYJji
469,Filide,MacGillespie,fmacgillespied0@domainmarket.com,Female,fmacgillespied0,cgSUvc9cRLe
470,Darrin,Shatliff,dshatliffd1@yahoo.com,Male,dshatliffd1,9D3wb2C0Q
471,Rozella,Greste,rgrested2@zdnet.com,Female,rgrested2,mmsexgQ
472,Rufus,Leggatt,rleggattd3@house.gov,Male,rleggattd3,QweYhTjC
473,Stacie,Dummer,sdummerd4@wp.com,Female,sdummerd4,8AbIzRYf
474,Cayla,Blyden,cblydend5@live.com,Female,cblydend5,e78E3e
475,Quinn,Ferneley,qferneleyd6@fastcompany.com,Female,qferneleyd6,8TogZ4veKx
476,Wood,Denney,wdenneyd7@blogtalkradio.com,Male,wdenneyd7,SkwD7xWAnooX
477,Valentina,Lipscombe,vlipscombed8@woothemes.com,Female,vlipscombed8,0N70eN1TcE
478,Benjamin,Tapton,btaptond9@wiley.com,Male,btaptond9,x8d5n9X0YBrj
479,Isador,Twentyman,itwentymanda@google.co.uk,Male,itwentymanda,02ctwfqO6WUi
480,Farlee,Devons,fdevonsdb@sphinn.com,Male,fdevonsdb,DkJaPrna
481,Bartolemo,Gommery,bgommerydc@house.gov,Male,bgommerydc,pY9aoW
482,Danica,Gange,dgangedd@ning.com,Female,dgangedd,bQ0GR6d
483,Caron,Killgus,ckillgusde@examiner.com,Female,ckillgusde,7uMIqimb1
484,Mordy,McIlwaine,mmcilwainedf@surveymonkey.com,Male,mmcilwainedf,7Rrj5b
485,Nathanil,Folling,nfollingdg@symantec.com,Male,nfollingdg,l9xlDr
486,Jacques,Freak,jfreakdh@nbcnews.com,Male,jfreakdh,fg5tdoo
487,Greg,Else,gelsedi@ted.com,Male,gelsedi,8XCuPQQuL
488,Kirby,Thurlby,kthurlbydj@surveymonkey.com,Male,kthurlbydj,Lh5xkXi0nA
489,Ivy,Shotboult,ishotboultdk@dion.ne.jp,Female,ishotboultdk,dPvQ77KLtItU
490,Carlyn,Abbati,cabbatidl@yandex.ru,Female,cabbatidl,9ZaRoRlU6mk
491,Galina,Soans,gsoansdm@amazon.com,Female,gsoansdm,CtWTDh
492,Jilleen,Domican,jdomicandn@cdc.gov,Female,jdomicandn,OXz44BA8c
493,Sylas,MacCallion,smaccalliondo@hud.gov,Male,smaccalliondo,0Mu5kCGKo
494,Leopold,Tulley,ltulleydp@ca.gov,Male,ltulleydp,VxVW8NKEd
495,Shepperd,Meneo,smeneodq@bing.com,Male,smeneodq,f9ealOKbgaG
496,Brook,Carine,bcarinedr@hhs.gov,Male,bcarinedr,Ue8hjmP
497,Ewart,Haccleton,ehaccletonds@google.ca,Male,ehaccletonds,0iv20udv7U8
498,Glynda,Budgen,gbudgendt@ftc.gov,Female,gbudgendt,rq3Xc0b
499,Tyler,Pigden,tpigdendu@macromedia.com,Male,tpigdendu,P35Unot6
500,Linda,Blanning,lblanningdv@globo.com,Female,lblanningdv,oXFrafrK2b2s
501,Arlee,Coetzee,acoetzeedw@t.co,Female,acoetzeedw,WEfZftR
502,Berti,Cherry,bcherrydx@cnn.com,Female,bcherrydx,JvzFaXl
503,Sidoney,Woodrup,swoodrupdy@paypal.com,Female,swoodrupdy,VHjENFpzGGzJ
504,Marcos,Boller,mbollerdz@rakuten.co.jp,Male,mbollerdz,jpeNMXLgkvet
505,Brooks,Benting,bbentinge0@vkontakte.ru,Male,bbentinge0,if7e9pTBF
506,Margi,Haffard,mhaffarde1@devhub.com,Female,mhaffarde1,0l0aJC50lvmH
507,Cobbie,Budden,cbuddene2@blogtalkradio.com,Male,cbuddene2,nByUAAwsfZ
508,Andras,Sitford,asitforde3@blogtalkradio.com,Male,asitforde3,X3MdgVm
509,Tracie,Broschke,tbroschkee4@sciencedaily.com,Male,tbroschkee4,vMK1Is4V6uXQ
510,Perceval,Gasgarth,pgasgarthe5@yahoo.co.jp,Male,pgasgarthe5,dORamW1Z8oo
511,Dev,Barbour,dbarboure6@mayoclinic.com,Male,dbarboure6,e8wgVpl2g
512,Bettine,Piddlehinton,bpiddlehintone7@senate.gov,Female,bpiddlehintone7,qjpA1q6QwDZI
513,Ebony,De Giorgi,edegiorgie8@is.gd,Female,edegiorgie8,Vleho4
514,Gardy,Chetham,gchethame9@intel.com,Male,gchethame9,Bq62xmMft
515,Phebe,Caldicot,pcaldicotea@ft.com,Female,pcaldicotea,juNl2Nvgu
516,Darrin,Ottewill,dottewilleb@nasa.gov,Male,dottewilleb,UkxcaT0S6w
517,Mohammed,Haythorne,mhaythorneec@123-reg.co.uk,Male,mhaythorneec,Lad8Npjq
518,Eduard,Tabrett,etabretted@seesaa.net,Male,etabretted,iks25nf
519,Meredeth,Semered,msemeredee@chron.com,Male,msemeredee,VLCGKRNRgXin
520,Osbourn,Ginnelly,oginnellyef@bloomberg.com,Male,oginnellyef,nbibIPTJWSh
521,Andromache,Banstead,abansteadeg@google.com,Female,abansteadeg,0ZPPatw
522,Hal,Timmins,htimminseh@squidoo.com,Male,htimminseh,UvrPd4Fj
523,Anestassia,Sherebrooke,asherebrookeei@businessweek.com,Female,asherebrookeei,fXDh3iHaQmz
524,Athena,Kubczak,akubczakej@joomla.org,Female,akubczakej,8tsWwHUgA8
525,Yelena,Polino,ypolinoek@berkeley.edu,Female,ypolinoek,aAehAtQ4CcA
526,Emmalynne,Tadman,etadmanel@skyrock.com,Female,etadmanel,3rmsrayefmzu
527,Johan,Henner,jhennerem@t.co,Male,jhennerem,wwp1aPsGIWh
528,Shurlock,Walling,swallingen@vk.com,Male,swallingen,bvx9eVr4qHz
529,Francisca,Simononsky,fsimononskyeo@google.fr,Female,fsimononskyeo,l1ZtGH7
530,Kati,Pottery,kpotteryep@odnoklassniki.ru,Female,kpotteryep,B4SYm1avaM
531,Brittne,Matuszynski,bmatuszynskieq@usatoday.com,Female,bmatuszynskieq,KUSLaiyqF
532,Laurette,Egglestone,legglestoneer@over-blog.com,Female,legglestoneer,amcUJLDlb
533,Cedric,Wyld,cwyldes@bloglines.com,Male,cwyldes,jvJqmIFFAUKC
534,Alvera,Tighe,atigheet@japanpost.jp,Female,atigheet,DKQ5fN
535,Frannie,Purves,fpurveseu@so-net.ne.jp,Male,fpurveseu,iZqGWKn
536,Francis,Stranio,fstranioev@disqus.com,Male,fstranioev,IMCeeLD1cpfo
537,Klement,Amberger,kambergerew@chicagotribune.com,Male,kambergerew,WsOKR7WeD
538,Clayton,Chidler,cchidlerex@bbc.co.uk,Male,cchidlerex,qG8v0nX
539,Adela,Baum,abaumey@youtube.com,Female,abaumey,v0npWQAYsXEZ
540,Wendell,Sundin,wsundinez@zdnet.com,Male,wsundinez,AnmmwjsV
541,Vinny,McNeely,vmcneelyf0@jiathis.com,Female,vmcneelyf0,21ox8d
542,Ely,Ambrosoli,eambrosolif1@nih.gov,Male,eambrosolif1,ZLEeE7
543,Nanette,Bangs,nbangsf2@techcrunch.com,Female,nbangsf2,iaV24eZb
544,Cara,Glozman,cglozmanf3@multiply.com,Female,cglozmanf3,qNaAVVFUelN
545,Sibley,Waistell,swaistellf4@friendfeed.com,Female,swaistellf4,diohojk1KwAW
546,Shelden,Lympany,slympanyf5@1und1.de,Male,slympanyf5,hy0XxbRhiWpO
547,Ramsay,Spacie,rspacief6@tuttocitta.it,Male,rspacief6,Xtcj83FEP0
548,Bentley,Petty,bpettyf7@cloudflare.com,Male,bpettyf7,rzjZ4j
549,Chrotoem,Kun,ckunf8@1und1.de,Male,ckunf8,x3W0ZxT
550,Mic,Braitling,mbraitlingf9@posterous.com,Male,mbraitlingf9,O1nGUSlMj
551,Reina,Hrinishin,rhrinishinfa@google.ca,Female,rhrinishinfa,rvNTS7y
552,Redd,Walcher,rwalcherfb@pinterest.com,Male,rwalcherfb,QUNreH
553,Mei,O'Halligan,mohalliganfc@trellian.com,Female,mohalliganfc,QLVT1JhBJQBH
554,Ignatius,Estabrook,iestabrookfd@slate.com,Male,iestabrookfd,DWKIg7
555,Kerianne,Szymczyk,kszymczykfe@squarespace.com,Female,kszymczykfe,lvc25stXQ
556,Gianna,Buney,gbuneyff@ebay.co.uk,Female,gbuneyff,zmsgum
557,Thain,Oakley,toakleyfg@google.de,Male,toakleyfg,cmB0D0Y
558,Bibby,Sesons,bsesonsfh@gmpg.org,Female,bsesonsfh,rBDdldAKD
559,Cristie,Lethabridge,clethabridgefi@yandex.ru,Female,clethabridgefi,Tu9pHR
560,Romona,Charrett,rcharrettfj@chronoengine.com,Female,rcharrettfj,id9Qb9
561,Ashley,Ennever,aenneverfk@deviantart.com,Female,aenneverfk,KZBJng
562,Bat,Gormally,bgormallyfl@51.la,Male,bgormallyfl,RxQWu7Ps4
563,Rock,Rickardsson,rrickardssonfm@tinypic.com,Male,rrickardssonfm,EOJbHqXLL
564,Berny,Pyrke,bpyrkefn@eepurl.com,Male,bpyrkefn,EYcPsQ86
565,Alex,Stanners,astannersfo@mapy.cz,Female,astannersfo,FMLzcBh
566,Jacquelin,Beaby,jbeabyfp@bigcartel.com,Female,jbeabyfp,oVJU6wpU
567,Lilias,Ubsdale,lubsdalefq@scientificamerican.com,Female,lubsdalefq,4iaHdBujpcr8
568,Elly,Haithwaite,ehaithwaitefr@intel.com,Female,ehaithwaitefr,9qu0BCOf2RBW
569,Lazarus,McGiffie,lmcgiffiefs@xinhuanet.com,Male,lmcgiffiefs,56y8JVA3FAO4
570,Jock,Goldsby,jgoldsbyft@ucla.edu,Male,jgoldsbyft,gD2vxQj
571,Emylee,Manis,emanisfu@cnet.com,Female,emanisfu,QJwVV8jpYl
572,Maisey,Quan,mquanfv@ocn.ne.jp,Female,mquanfv,jajqETywCm
573,Prudi,Frain,pfrainfw@naver.com,Female,pfrainfw,x6YayS
574,Hulda,Poon,hpoonfx@tinypic.com,Female,hpoonfx,poknY7TCzheC
575,Belinda,Deans,bdeansfy@vinaora.com,Female,bdeansfy,0JGwxPum8br
576,Ram,Ciraldo,rciraldofz@nbcnews.com,Male,rciraldofz,NcULPbkitzEc
577,Corey,Dady,cdadyg0@dailymail.co.uk,Male,cdadyg0,6hBIZDA
578,Roda,Maffini,rmaffinig1@nps.gov,Female,rmaffinig1,IzwCNY
579,Sal,Lathwell,slathwellg2@mit.edu,Female,slathwellg2,Q9KywTdSaf
580,Janina,Carverhill,jcarverhillg3@businessinsider.com,Female,jcarverhillg3,VNUALg
581,Dagny,Kendrick,dkendrickg4@free.fr,Male,dkendrickg4,pntXwemXMocB
582,Jarrett,Snawdon,jsnawdong5@techcrunch.com,Male,jsnawdong5,xV2gQznCXe
583,Pammi,Rubinowitsch,prubinowitschg6@vkontakte.ru,Female,prubinowitschg6,o9Z3vD9m7k
584,Hyacintha,Hasley,hhasleyg7@cargocollective.com,Female,hhasleyg7,uYf2ww9
585,Audi,Jobern,ajoberng8@globo.com,Female,ajoberng8,bGiAQXG
586,Quintina,Hethron,qhethrong9@tripod.com,Female,qhethrong9,UA6BRuwEwJU
587,Francene,Spridgen,fspridgenga@businessinsider.com,Female,fspridgenga,Z43j00se
588,Skippie,Scarlon,sscarlongb@addtoany.com,Male,sscarlongb,QDOBoJ
589,Roma,Brent,rbrentgc@hatena.ne.jp,Male,rbrentgc,IpJB7SNzfQ
590,Denney,Macauley,dmacauleygd@cam.ac.uk,Male,dmacauleygd,RoZLBgskiTJR
591,Livvyy,Sapena,lsapenage@bing.com,Female,lsapenage,CCHjV7bNUmp
592,Nobie,McNutt,nmcnuttgf@mtv.com,Male,nmcnuttgf,CK3LAdFlvh
593,Bo,Lysaght,blysaghtgg@newyorker.com,Male,blysaghtgg,a04zW3FKT8N
594,Beryl,Matzl,bmatzlgh@stanford.edu,Female,bmatzlgh,eqqIsnzMXud
595,Shir,Ranyard,sranyardgi@blog.com,Female,sranyardgi,XbgMkw
596,Mick,Bienvenu,mbienvenugj@eepurl.com,Male,mbienvenugj,DSremI
597,Margi,Deeney,mdeeneygk@cisco.com,Female,mdeeneygk,mXDOgkUQ2q
598,Libby,Ranklin,lranklingl@ftc.gov,Female,lranklingl,01mSY5squZ
599,Clint,Misken,cmiskengm@digg.com,Male,cmiskengm,N8VRoa
600,Rafael,Balcon,rbalcongn@twitter.com,Male,rbalcongn,Z7sH1G76
601,Barrie,Houtby,bhoutbygo@ning.com,Male,bhoutbygo,fRG9XfW
602,Annaliese,Beames,abeamesgp@hhs.gov,Female,abeamesgp,9d7VEklp
603,Truman,Jaquet,tjaquetgq@discovery.com,Male,tjaquetgq,jSHZzTZ
604,Florry,Egel,fegelgr@patch.com,Female,fegelgr,VeI3QsS5
605,Ford,Grube,fgrubegs@spiegel.de,Male,fgrubegs,yIG4EiiqTNIs
606,Dede,Edworthie,dedworthiegt@wikispaces.com,Female,dedworthiegt,lpYd7xYDDs59
607,Iago,Girardey,igirardeygu@acquirethisname.com,Male,igirardeygu,iBWtmV
608,Genna,Creevy,gcreevygv@pbs.org,Female,gcreevygv,MYjQci
609,Wallis,Odom,wodomgw@prnewswire.com,Male,wodomgw,i6xqMYlzK
610,Lorens,Whitecross,lwhitecrossgx@mit.edu,Male,lwhitecrossgx,7XHPLKTe
611,Odille,Rack,orackgy@bravesites.com,Female,orackgy,bOMqvEDGywyi
612,Claude,Cristofor,ccristoforgz@ca.gov,Female,ccristoforgz,B2OpUL
613,Alphard,Geaves,ageavesh0@tinyurl.com,Male,ageavesh0,iUnSXGEC0q
614,Glenda,Sutch,gsutchh1@jimdo.com,Female,gsutchh1,rN3Jv7C
615,Yorgos,Tebbut,ytebbuth2@shinystat.com,Male,ytebbuth2,zPOmGjTHho
616,Bekki,Cosson,bcossonh3@bigcartel.com,Female,bcossonh3,HRjBrqSukD9n
617,Amata,Hartill,ahartillh4@walmart.com,Female,ahartillh4,3D1VkYQmWWG
618,Jules,Jeannequin,jjeannequinh5@icq.com,Male,jjeannequinh5,BB7J4Snx
619,Brigitta,Ryde,brydeh6@ning.com,Female,brydeh6,YtZbfPeWoT
620,Wilhelmine,Starmore,wstarmoreh7@usnews.com,Female,wstarmoreh7,pNLS87c
621,Latia,Giddy,lgiddyh8@edublogs.org,Female,lgiddyh8,B8QP3vjBt
622,Hilarius,Sears,hsearsh9@cam.ac.uk,Male,hsearsh9,cu8fLc
623,Pavia,Falkous,pfalkousha@people.com.cn,Female,pfalkousha,7BLHjY
624,Frazier,Beney,fbeneyhb@51.la,Male,fbeneyhb,Va11AK
625,Indira,Rait,iraithc@jiathis.com,Female,iraithc,4zlkHfF
626,Sofia,Rhyme,srhymehd@msn.com,Female,srhymehd,faMuWeDhYZ
627,Vic,Raise,vraisehe@devhub.com,Male,vraisehe,6X2On4G2GO7
628,Elisabet,Verman,evermanhf@instagram.com,Female,evermanhf,O8cSw2r
629,Alano,Dell,adellhg@behance.net,Male,adellhg,pMjpVSA
630,Ario,Whorlow,awhorlowhh@squarespace.com,Male,awhorlowhh,w1PfbKBj3hB
631,Anthiathia,Burkman,aburkmanhi@google.com.hk,Female,aburkmanhi,rY97w1
632,Ernest,Yesson,eyessonhj@economist.com,Male,eyessonhj,oKkWBFe
633,Margit,Hazeldene,mhazeldenehk@t-online.de,Female,mhazeldenehk,KIblCpn3af
634,Alli,Brocket,abrockethl@cdc.gov,Female,abrockethl,PZ5Vj4Vm
635,Carley,Spadazzi,cspadazzihm@mac.com,Female,cspadazzihm,m2K4clwWdu8e
636,Bob,Edmott,bedmotthn@ning.com,Male,bedmotthn,EC6kPdCeyZa
637,Sarah,Mordin,smordinho@bigcartel.com,Female,smordinho,WLqBfRTf2
638,Erica,Frayn,efraynhp@twitter.com,Female,efraynhp,WZgkYu2Qzs
639,Nicolai,Ipwell,nipwellhq@economist.com,Male,nipwellhq,JKVSBJCt5w
640,Aviva,Chaise,achaisehr@ucoz.ru,Female,achaisehr,NF4Pwr
641,Rebekah,Clipsham,rclipshamhs@plala.or.jp,Female,rclipshamhs,sVEYxa
642,Marvin,O'Growgane,mogrowganeht@apache.org,Male,mogrowganeht,EuWMM17
643,Allyson,Souster,asousterhu@facebook.com,Female,asousterhu,26Bm4nP
644,Jabez,Lesor,jlesorhv@list-manage.com,Male,jlesorhv,QMkjHWT
645,Jodi,Gilbey,jgilbeyhw@statcounter.com,Female,jgilbeyhw,BVxg1ObE7f
646,Hasheem,Manuaud,hmanuaudhx@tumblr.com,Male,hmanuaudhx,w1MsLI5eH
647,Kial,Crudgington,kcrudgingtonhy@goo.ne.jp,Female,kcrudgingtonhy,lh3d1ao4
648,Fedora,Gherardesci,fgherardescihz@marriott.com,Female,fgherardescihz,Yz8CcTX
649,Gladys,Gainsboro,ggainsboroi0@xinhuanet.com,Female,ggainsboroi0,hBaoWhSR
650,Mylo,McConnell,mmcconnelli1@weebly.com,Male,mmcconnelli1,gu330iZ7wD4
651,Terrie,Lidgerton,tlidgertoni2@usda.gov,Female,tlidgertoni2,okONe6pjOTQH
652,Lezley,Gatland,lgatlandi3@nasa.gov,Male,lgatlandi3,SHn6P0jNxhxl
653,Kettie,Vampouille,kvampouillei4@issuu.com,Female,kvampouillei4,r6uJLS1X7
654,Veriee,Grieswood,vgrieswoodi5@usnews.com,Female,vgrieswoodi5,qOiGHJcqtRUc
655,Darin,Schubert,dschuberti6@storify.com,Male,dschuberti6,bFl6CgUb
656,Daffi,Andreolli,dandreollii7@ucsd.edu,Female,dandreollii7,4t3ZJRFq
657,Clemmie,MacKellen,cmackelleni8@apple.com,Male,cmackelleni8,AaoZpcKyV
658,Cassie,Joppich,cjoppichi9@furl.net,Female,cjoppichi9,KwtJzXOuEusS
659,Zola,Claxton,zclaxtonia@icio.us,Female,zclaxtonia,xDboodEtdiY
660,Huntley,Mereweather,hmereweatherib@phoca.cz,Male,hmereweatherib,7mkAhHG8
661,Cletus,Dyers,cdyersic@fastcompany.com,Male,cdyersic,hImn92Sj1wYE
662,Hewe,Alkin,halkinid@163.com,Male,halkinid,VS2emdIfef2S
663,Briny,Barfford,bbarffordie@opera.com,Female,bbarffordie,ssUK3XpI
664,Kiley,Corington,kcoringtonif@github.com,Female,kcoringtonif,kT3HUvAC
665,Gardener,Studdal,gstuddalig@apple.com,Male,gstuddalig,bid0Ry0HAob
666,Camel,Worner,cwornerih@bizjournals.com,Female,cwornerih,ifkRTiP
667,Gwenni,Arstall,garstallii@flickr.com,Female,garstallii,NeSCahjsB
668,Wilma,Realff,wrealffij@tamu.edu,Female,wrealffij,r8rwOzO4oF
669,Robbie,Wanderschek,rwanderschekik@wisc.edu,Male,rwanderschekik,km4pCJ
670,Deny,Blesing,dblesingil@ox.ac.uk,Female,dblesingil,dUOCxbhLE
671,Gradeigh,Meas,gmeasim@cdc.gov,Male,gmeasim,yovCD3
672,Worth,Coomer,wcoomerin@netvibes.com,Male,wcoomerin,374gbalYCEg
673,Aridatha,Lomasney,alomasneyio@webmd.com,Female,alomasneyio,er8RVbySjc
674,Jasen,Arnull,jarnullip@myspace.com,Male,jarnullip,iSCi6aN0pbp
675,Heath,Di Franceshci,hdifranceshciiq@deliciousdays.com,Male,hdifranceshciiq,1wYfgv
676,Katya,Mordin,kmordinir@cnn.com,Female,kmordinir,MqN6cK
677,Didi,Forryan,dforryanis@soup.io,Female,dforryanis,rYTC3MW9SwTE
678,Nanete,Spratling,nspratlingit@upenn.edu,Female,nspratlingit,itctJqrbQtfW
679,Balduin,Auty,bautyiu@bloglovin.com,Male,bautyiu,fQ1q7XoRm2
680,Tuck,Hiley,thileyiv@xing.com,Male,thileyiv,my6sP9UoEH
681,Aaren,Castagne,acastagneiw@unicef.org,Female,acastagneiw,BRozAo
682,Judie,Siret,jsiretix@vimeo.com,Female,jsiretix,2CKlLpgimaN
683,Torie,Lagde,tlagdeiy@oracle.com,Female,tlagdeiy,gBBjxsH7
684,Caroljean,Tofpik,ctofpikiz@bbb.org,Female,ctofpikiz,Og6mB1CATu7v
685,Marline,Brattell,mbrattellj0@facebook.com,Female,mbrattellj0,3Fngipqj
686,Vonni,Nozzolii,vnozzoliij1@weibo.com,Female,vnozzoliij1,bdS7Hriti0qJ
687,Vidovik,Sigge,vsiggej2@alibaba.com,Male,vsiggej2,yJ7XgEfeO
688,Si,Halso,shalsoj3@edublogs.org,Male,shalsoj3,1oDJmlH
689,Lindsay,Lorkins,llorkinsj4@bravesites.com,Male,llorkinsj4,KYNqOC
690,Luise,Prattin,lprattinj5@youtu.be,Female,lprattinj5,uawINQ
691,Shepperd,Aujouanet,saujouanetj6@fotki.com,Male,saujouanetj6,Tychb6yBSLu
692,Danica,Pardew,dpardewj7@blog.com,Female,dpardewj7,XSVsvRhH
693,Rheba,McLugish,rmclugishj8@mapy.cz,Female,rmclugishj8,H4kTyHk58
694,Wolf,Cotte,wcottej9@paypal.com,Male,wcottej9,lfbyfS
695,Debera,Shernock,dshernockja@fotki.com,Female,dshernockja,02hcmc1jjZ62
696,Ernaline,Bulley,ebulleyjb@sina.com.cn,Female,ebulleyjb,gkWZlshzF
697,Alfie,Nelthropp,anelthroppjc@columbia.edu,Male,anelthroppjc,KCZ3G0g
698,Jasper,Sciusscietto,jsciussciettojd@google.it,Male,jsciussciettojd,G4B03WxRa46S
699,Jessamyn,Redmire,jredmireje@un.org,Female,jredmireje,YKAC50aJH
700,Pippa,Lummasana,plummasanajf@wiley.com,Female,plummasanajf,T4wNsgsCqUAH
701,Sybilla,Scanlon,sscanlonjg@fastcompany.com,Female,sscanlonjg,4yUV85
702,Anselma,Todhunter,atodhunterjh@gizmodo.com,Female,atodhunterjh,axZ0mv
703,Kiley,Fairhead,kfairheadji@europa.eu,Male,kfairheadji,aElBzI95h
704,Lukas,Nickoll,lnickolljj@cnn.com,Male,lnickolljj,6LTRDMHyp8UC
705,Susannah,Dowse,sdowsejk@mashable.com,Female,sdowsejk,LZJtBf
706,Terrie,Annakin,tannakinjl@dmoz.org,Female,tannakinjl,NHLs8PK
707,Marchall,Elham,melhamjm@theguardian.com,Male,melhamjm,tWV6LD
708,Linnea,Beden,lbedenjn@github.io,Female,lbedenjn,vBS2cJ0A
709,Averill,Sinderland,asinderlandjo@ed.gov,Male,asinderlandjo,3gV0MT4dG
710,Lois,Adriani,ladrianijp@indiatimes.com,Female,ladrianijp,norR0oP
711,Norry,Spoure,nspourejq@businessweek.com,Female,nspourejq,z7jdxi5
712,Jolee,Wardel,jwardeljr@merriam-webster.com,Female,jwardeljr,l3QRsN
713,Philbert,Twells,ptwellsjs@usda.gov,Male,ptwellsjs,RZ3Vzbw9s
714,Elisabetta,Rohloff,erohloffjt@virginia.edu,Female,erohloffjt,MTflRsw2h
715,Annissa,Foran,aforanju@tuttocitta.it,Female,aforanju,Mx2haWno18vt
716,Lenard,Clampton,lclamptonjv@cocolog-nifty.com,Male,lclamptonjv,WSHunSYM
717,Hatti,Dyett,hdyettjw@go.com,Female,hdyettjw,aj2RpiY
718,Say,Castelin,scastelinjx@over-blog.com,Male,scastelinjx,0QzXviBdnd4G
719,Nadeen,Illing,nillingjy@epa.gov,Female,nillingjy,Cr4zt8kgv
720,Hunfredo,Moody,hmoodyjz@angelfire.com,Male,hmoodyjz,15e5iD
721,Shirlene,Kitchinham,skitchinhamk0@globo.com,Female,skitchinhamk0,NedcUr1tey
722,Nertie,Ormistone,normistonek1@rediff.com,Female,normistonek1,wpC2ltm
723,Pryce,Knotton,pknottonk2@constantcontact.com,Male,pknottonk2,JGMpjrO8Et
724,Grover,Hawthorne,ghawthornek3@dailymotion.com,Male,ghawthornek3,YfybRbu
725,Salomi,Willett,swillettk4@oakley.com,Female,swillettk4,QwHAb5gJ5Bz
726,Morissa,Reville,mrevillek5@posterous.com,Female,mrevillek5,Vi9UeWRxP3
727,Griselda,Danell,gdanellk6@creativecommons.org,Female,gdanellk6,dv93W5RYN
728,Lawrence,Margetson,lmargetsonk7@g.co,Male,lmargetsonk7,no0QlizUI5HF
729,Alfreda,Newdick,anewdickk8@slideshare.net,Female,anewdickk8,3Qhsjq
730,Florance,Seleway,fselewayk9@dailymotion.com,Female,fselewayk9,ViyZXVK5hzN
731,Edyth,Millson,emillsonka@lycos.com,Female,emillsonka,wPxOQB5SNpzz
732,Julee,McCuthais,jmccuthaiskb@unblog.fr,Female,jmccuthaiskb,3cz3q8S
733,Ase,Dockerty,adockertykc@time.com,Male,adockertykc,2BJtuNaS
734,Ralf,Dymott,rdymottkd@surveymonkey.com,Male,rdymottkd,ABiHRa6W
735,Rowland,Crossthwaite,rcrossthwaiteke@wix.com,Male,rcrossthwaiteke,fYb8O03
736,Aimil,Sanbroke,asanbrokekf@wix.com,Female,asanbrokekf,ZyyPYokXmDS
737,Rod,Sifleet,rsifleetkg@biglobe.ne.jp,Male,rsifleetkg,wMhni89Olu
738,Thomasa,Vest,tvestkh@intel.com,Female,tvestkh,QDN9yp33Dc
739,Lenna,Somerville,lsomervilleki@altervista.org,Female,lsomervilleki,Sds6ZweF0hyV
740,Melvyn,Bartkowiak,mbartkowiakkj@ihg.com,Male,mbartkowiakkj,1oRcf4S4Sp
741,Chloe,Lathleiffure,clathleiffurekk@sitemeter.com,Female,clathleiffurekk,higd3C
742,Murvyn,Brummitt,mbrummittkl@hud.gov,Male,mbrummittkl,qWwhVYCs8
743,Jerald,Stener,jstenerkm@senate.gov,Male,jstenerkm,ERAh4c
744,Bil,Deare,bdearekn@uiuc.edu,Male,bdearekn,KMlUupVv
745,Sheffie,Briamo,sbriamoko@cdbaby.com,Male,sbriamoko,pELkaG
746,Elysia,Bonifacio,ebonifaciokp@amazon.co.uk,Female,ebonifaciokp,hTteSadQoDv
747,Deanna,Stockdale,dstockdalekq@rakuten.co.jp,Female,dstockdalekq,tR6iIoI
748,Marvin,Gunner,mgunnerkr@bbb.org,Male,mgunnerkr,mH54cpR
749,Wakefield,Castro,wcastroks@fda.gov,Male,wcastroks,HmTSSvzCd
750,Tannie,MacGlory,tmacglorykt@google.com,Male,tmacglorykt,EkXZ0Nmpf
751,Hasty,Braiden,hbraidenku@businessinsider.com,Male,hbraidenku,jIDe6xxY4
752,Brina,Hobson,bhobsonkv@google.ca,Female,bhobsonkv,4VxlX8j
753,Alice,Dirr,adirrkw@prlog.org,Female,adirrkw,HaRV8hwC
754,Mallissa,Henderson,mhendersonkx@wikia.com,Female,mhendersonkx,UHq5d6
755,Way,Findlater,wfindlaterky@house.gov,Male,wfindlaterky,HfWCXz
756,Percival,Rouchy,prouchykz@weebly.com,Male,prouchykz,e9rXV2aMo
757,Cicely,Lumbly,clumblyl0@blogger.com,Female,clumblyl0,pbZHaG4GyjBF
758,Chev,Spier,cspierl1@aol.com,Male,cspierl1,sZ8Yvq
759,Halli,Loudyan,hloudyanl2@netscape.com,Female,hloudyanl2,kM0HV6QEj
760,Carrissa,Heliar,cheliarl3@google.com.hk,Female,cheliarl3,HdtW9QA
761,Ailbert,Bilsford,abilsfordl4@nsw.gov.au,Male,abilsfordl4,rzi2KMLicf
762,Jocko,Gleed,jgleedl5@tripadvisor.com,Male,jgleedl5,bNbT5tCGE
763,Mile,Lane,mlanel6@constantcontact.com,Male,mlanel6,YQzKX0if3Q5
764,Velma,Calveley,vcalveleyl7@qq.com,Female,vcalveleyl7,5nZXf634
765,Art,Shanks,ashanksl8@de.vu,Male,ashanksl8,985UXIiPf0
766,Geoffrey,MacDearmaid,gmacdearmaidl9@artisteer.com,Male,gmacdearmaidl9,IQi0K4A
767,Siffre,Covill,scovillla@tumblr.com,Male,scovillla,YDkRTiQe
768,Shirlene,Defond,sdefondlb@mediafire.com,Female,sdefondlb,9mpvry
769,Beaufort,Dillon,bdillonlc@pen.io,Male,bdillonlc,yhUguL97
770,Leonelle,Zylberdik,lzylberdikld@apache.org,Female,lzylberdikld,CRktxWur
771,Herrick,Cumbers,hcumbersle@google.nl,Male,hcumbersle,l0a5hiSfN
772,Carson,Antuk,cantuklf@ft.com,Male,cantuklf,4dSzGuyqy8mJ
773,Lane,Turpin,lturpinlg@icq.com,Male,lturpinlg,71iABT
774,Nicolis,Knappe,nknappelh@elegantthemes.com,Male,nknappelh,NKujyfurOxr
775,Taber,Ryland,trylandli@biglobe.ne.jp,Male,trylandli,VMspE5
776,Randell,Carillo,rcarillolj@163.com,Male,rcarillolj,3622JQAX4b
777,Douglass,Klosges,dklosgeslk@rediff.com,Male,dklosgeslk,j7M9Ccw
778,Margarete,Packer,mpackerll@360.cn,Female,mpackerll,chuhyBA
779,Wallache,Skewes,wskeweslm@accuweather.com,Male,wskeweslm,ZXfXfSexy
780,Cornell,Smedley,csmedleyln@seattletimes.com,Male,csmedleyln,b5p80fd7yA
781,Robby,Cluse,rcluselo@cam.ac.uk,Female,rcluselo,f6P5UGFBB3U
782,Kaylyn,Yankov,kyankovlp@mtv.com,Female,kyankovlp,qHofs3
783,Amalia,Denington,adeningtonlq@noaa.gov,Female,adeningtonlq,HJjLHYf
784,Salim,Headey,sheadeylr@china.com.cn,Male,sheadeylr,PZHcHZoTF
785,Erek,Bonnick,ebonnickls@ibm.com,Male,ebonnickls,WJIvSu
786,Ania,Kybert,akybertlt@engadget.com,Female,akybertlt,4zpJY6XUv
787,Heddie,Brice,hbricelu@youtube.com,Female,hbricelu,W5cWtuvjWu
788,Rosa,Tonner,rtonnerlv@wp.com,Female,rtonnerlv,FuDZVBCHVdi7
789,Carlynne,Jaquiss,cjaquisslw@washington.edu,Female,cjaquisslw,WcLkKzGk
790,Norris,Thal,nthallx@topsy.com,Male,nthallx,1448mQy
791,Fanchette,Tunnicliff,ftunnicliffly@sourceforge.net,Female,ftunnicliffly,mJLoMUyJO
792,Etta,Stark,estarklz@foxnews.com,Female,estarklz,Kq46h1Z
793,Rafa,Faltskog,rfaltskogm0@newsvine.com,Female,rfaltskogm0,rXscMw
794,Caro,Sagg,csaggm1@github.com,Female,csaggm1,m4pCuXmc7
795,Rheba,Kensit,rkensitm2@go.com,Female,rkensitm2,h9MkIn
796,Beverley,Beames,bbeamesm3@infoseek.co.jp,Female,bbeamesm3,hVhcbbpLZVQ
797,Art,Hucke,ahuckem4@etsy.com,Male,ahuckem4,wsFyVNrNlZNa
798,Devondra,Farney,dfarneym5@a8.net,Female,dfarneym5,gamHEad2d
799,Raquel,Shears,rshearsm6@purevolume.com,Female,rshearsm6,AYwTIn2wQl
800,Kerstin,Sunman,ksunmanm7@squarespace.com,Female,ksunmanm7,fZg0TQA63
801,Hortensia,Wincer,hwincerm8@yolasite.com,Female,hwincerm8,eM1G67hWf72
802,Padraig,Hebditch,phebditchm9@youtu.be,Male,phebditchm9,dUB4sT8TNG
803,Carolann,Cromley,ccromleyma@spotify.com,Female,ccromleyma,xdET7DdkY
804,Ruthe,Trevett,rtrevettmb@digg.com,Female,rtrevettmb,8nYwbCL
805,Celestia,Quincee,cquinceemc@craigslist.org,Female,cquinceemc,0hpgQcQ0UW
806,Boonie,Kemell,bkemellmd@youku.com,Male,bkemellmd,0JlcGxGckg
807,Shirl,Antonietti,santoniettime@gov.uk,Female,santoniettime,BbiYDx1
808,Gina,Blachford,gblachfordmf@addtoany.com,Female,gblachfordmf,4oy8YLAEiQ
809,Zenia,Allden,zalldenmg@sakura.ne.jp,Female,zalldenmg,BlnBRrr
810,Giulio,Picken,gpickenmh@cocolog-nifty.com,Male,gpickenmh,XsD0GemP
811,Debra,Baser,dbasermi@icio.us,Female,dbasermi,MQNySmD
812,Charlotte,Elkins,celkinsmj@alexa.com,Female,celkinsmj,Y7yozgLwLRAo
813,Emerson,Palffy,epalffymk@usa.gov,Male,epalffymk,YYQiNTW3Ol
814,Annalise,Chantrell,achantrellml@sciencedirect.com,Female,achantrellml,IabIVz
815,Adrienne,Sonley,asonleymm@amazon.com,Female,asonleymm,lHyBDPog
816,Lorain,Clews,lclewsmn@bloglines.com,Female,lclewsmn,zdTnLdWP8DT
817,Mattias,Stritton,mstrittonmo@mysql.com,Male,mstrittonmo,xegPQg
818,Cly,Pfertner,cpfertnermp@instagram.com,Male,cpfertnermp,XWnXbA0h2
819,Devland,Kinnon,dkinnonmq@clickbank.net,Male,dkinnonmq,nIDJRp
820,Tracie,Castagnier,tcastagniermr@shutterfly.com,Male,tcastagniermr,LpT7WSC
821,Colene,Alpe,calpems@clickbank.net,Female,calpems,h2boe2s4
822,Elfie,Simonian,esimonianmt@networkadvertising.org,Female,esimonianmt,w1djUFuSMsDX
823,Augusta,Goodliffe,agoodliffemu@dion.ne.jp,Female,agoodliffemu,PFdAlI5
824,Helenelizabeth,Glover,hglovermv@nature.com,Female,hglovermv,ZnUM2LTd
825,Daffie,Lusher,dlushermw@reuters.com,Female,dlushermw,oUfZptITVvtN
826,Mayne,Da Costa,mdacostamx@weibo.com,Male,mdacostamx,AWlA6SZEdftT
827,Kendricks,Sacase,ksacasemy@nsw.gov.au,Male,ksacasemy,VKv62uhd
828,Corbin,Smalecombe,csmalecombemz@eepurl.com,Male,csmalecombemz,09OcKQS
829,Harper,Stothard,hstothardn0@istockphoto.com,Male,hstothardn0,l0FrSSmN
830,Jordain,Bleibaum,jbleibaumn1@cam.ac.uk,Female,jbleibaumn1,gscdwLsjdz
831,Hendrik,Hearsum,hhearsumn2@jalbum.net,Male,hhearsumn2,G8wvp3B
832,Kendrick,Jaycocks,kjaycocksn3@vk.com,Male,kjaycocksn3,DjGOHa
833,Berti,Sidebottom,bsidebottomn4@sciencedaily.com,Male,bsidebottomn4,Hk6giRAz6ow
834,Neddie,O'Growgane,nogrowganen5@wikispaces.com,Male,nogrowganen5,X3oHcTp
835,Maure,Schoenrock,mschoenrockn6@narod.ru,Female,mschoenrockn6,tvkOsI
836,Caty,Thireau,cthireaun7@umich.edu,Female,cthireaun7,XpzG0fdK
837,Cornelius,Collelton,ccolleltonn8@ehow.com,Male,ccolleltonn8,O3WhuaNLA9
838,Emmerich,Verdy,everdyn9@independent.co.uk,Male,everdyn9,cWAfC2WwL8LW
839,Samuel,Giller,sgillerna@lycos.com,Male,sgillerna,oTMdtmq3e0ni
840,Brendis,Skellion,bskellionnb@google.co.uk,Male,bskellionnb,G7jvxRNX
841,Queenie,Kinglake,qkinglakenc@disqus.com,Female,qkinglakenc,MaQ31Rm
842,Bradford,Gabbitus,bgabbitusnd@washingtonpost.com,Male,bgabbitusnd,gKnMBcxmsM
843,Georgeanne,Askin,gaskinne@loc.gov,Female,gaskinne,KedWOLidCI
844,Valenka,Beebis,vbeebisnf@tripod.com,Female,vbeebisnf,yn6aaJ
845,Nefen,Pfeifer,npfeiferng@hhs.gov,Male,npfeiferng,VWAH5qNKAFEy
846,Owen,Spiby,ospibynh@is.gd,Male,ospibynh,UIXdpuDvge9b
847,Hamilton,Callen,hcallenni@si.edu,Male,hcallenni,6Ua6HFZUmf1
848,Patton,Lanfer,planfernj@opensource.org,Male,planfernj,ARTP8TDc
849,Kasper,Driffe,kdriffenk@hhs.gov,Male,kdriffenk,F4riVFTiFB
850,Omar,Dumberrill,odumberrillnl@buzzfeed.com,Male,odumberrillnl,64A1FIDxQ8
851,Ariel,Leteurtre,aleteurtrenm@amazonaws.com,Female,aleteurtrenm,QzwfLBNdQDEn
852,Dael,Norewood,dnorewoodnn@blinklist.com,Male,dnorewoodnn,pAMkY4Tf
853,Gabi,Hunnawill,ghunnawillno@yahoo.com,Male,ghunnawillno,lSltU8q
854,Helen-elizabeth,Dabling,hdablingnp@rediff.com,Female,hdablingnp,DVGfiIRlaCE
855,Lissy,Ratcliff,lratcliffnq@businessweek.com,Female,lratcliffnq,ysdoCl2QxOW
856,Salmon,Drei,sdreinr@yolasite.com,Male,sdreinr,b0ERRhHNv
857,Michale,Welland,mwellandns@google.de,Male,mwellandns,jPS1lhq3BLx
858,Emlyn,D'Adda,edaddant@newyorker.com,Male,edaddant,j0MGclBeEqz
859,Sherwynd,Gerling,sgerlingnu@shareasale.com,Male,sgerlingnu,PZ1FChqQS
860,Mohammed,Buckwell,mbuckwellnv@ehow.com,Male,mbuckwellnv,nhS0sLTeA
861,Celestina,Stonary,cstonarynw@networkadvertising.org,Female,cstonarynw,Ph2p02X0b
862,Frederico,Lambe,flambenx@amazon.de,Male,flambenx,omTDecIL
863,Maressa,Calken,mcalkenny@paypal.com,Female,mcalkenny,fLlmV9p
864,Sasha,Lockett,slockettnz@opera.com,Female,slockettnz,DJ0c0kqj
865,Friederike,Sterrick,fsterricko0@ezinearticles.com,Female,fsterricko0,B0ZXpLzj4M
866,Yetta,Vines,yvineso1@ftc.gov,Female,yvineso1,BNkZ9gM
867,Reeva,Brookhouse,rbrookhouseo2@oaic.gov.au,Female,rbrookhouseo2,CPmtwNnu0
868,Gino,Aldam,galdamo3@amazon.co.jp,Male,galdamo3,bSytqaj
869,Rebecca,Meagh,rmeagho4@1und1.de,Female,rmeagho4,J6mqNdSM
870,Annis,Karpe,akarpeo5@facebook.com,Female,akarpeo5,yVwj0tJ
871,Nataniel,Derisley,nderisleyo6@twitter.com,Male,nderisleyo6,wphd7zGUWVw
872,Court,Sainsbury,csainsburyo7@networksolutions.com,Male,csainsburyo7,af0t9VNXEH
873,Carlie,Brandon,cbrandono8@salon.com,Female,cbrandono8,yoWXT1
874,Orlando,Neath,oneatho9@archive.org,Male,oneatho9,XhQ0lLhErwa
875,Bentlee,D'Cruze,bdcruzeoa@adobe.com,Male,bdcruzeoa,MrFjBwnf
876,Lester,Woodison,lwoodisonob@webs.com,Male,lwoodisonob,9BuFGIhfRB
877,Pauly,Goodwill,pgoodwilloc@desdev.cn,Male,pgoodwilloc,wyKiJQPJE4
878,Marice,Farquhar,mfarquharod@nsw.gov.au,Female,mfarquharod,gEeZFw
879,Colin,Campa,ccampaoe@msu.edu,Male,ccampaoe,UJqammHCGFLM
880,Damita,Belitz,dbelitzof@deliciousdays.com,Female,dbelitzof,18wRphk
881,Gabriello,Lafont,glafontog@1688.com,Male,glafontog,4aRsFsyLS9
882,Madeline,Bernardet,mbernardetoh@umich.edu,Female,mbernardetoh,4XAzgQW
883,Shanna,Wheeler,swheeleroi@army.mil,Female,swheeleroi,ONwL0NFjmB3M
884,Mortimer,Anmore,manmoreoj@mail.ru,Male,manmoreoj,e0TM0m
885,Wright,Paulig,wpauligok@clickbank.net,Male,wpauligok,54kCQ8UM73C
886,Nolan,McAllester,nmcallesterol@sun.com,Male,nmcallesterol,zAZ4HYwkyyrq
887,Wang,Jarrette,wjarretteom@hostgator.com,Male,wjarretteom,cfIf53N2YhO
888,Beryle,Wolfers,bwolferson@usnews.com,Female,bwolferson,atIG9bKU3vz
889,Kerrie,Shilling,kshillingoo@networksolutions.com,Female,kshillingoo,lSfh7qaj
890,Hedwig,Gresty,hgrestyop@blogtalkradio.com,Female,hgrestyop,EAHhMrG
891,Jemimah,Stolte,jstolteoq@slate.com,Female,jstolteoq,ulNDgl7cvdo
892,Tonya,Darlaston,tdarlastonor@yandex.ru,Female,tdarlastonor,GyK66pnmg1
893,Phil,Louder,plouderos@hubpages.com,Male,plouderos,ItBE9Gu7
894,Garrard,MacAne,gmacaneot@phoca.cz,Male,gmacaneot,kVChPIZE
895,Codie,Varty,cvartyou@over-blog.com,Female,cvartyou,Sz3ligNJFN
896,Sergeant,Kupper,skupperov@mapy.cz,Male,skupperov,RJfqfd
897,Huey,Condy,hcondyow@exblog.jp,Male,hcondyow,w5cztxwqecyP
898,Aurelea,Wallworth,awallworthox@answers.com,Female,awallworthox,sRKvVJYNBY
899,Brandice,Whylie,bwhylieoy@dmoz.org,Female,bwhylieoy,BIzTPx
900,Leopold,Roulston,lroulstonoz@bandcamp.com,Male,lroulstonoz,vUKyTAXXl8
901,Marge,Binne,mbinnep0@unc.edu,Female,mbinnep0,yrmm7XHupMJG
902,Phillipp,Mattson,pmattsonp1@abc.net.au,Male,pmattsonp1,YDnUMNJc4Xs
903,Estel,Aizlewood,eaizlewoodp2@indiegogo.com,Female,eaizlewoodp2,ISskKg
904,Bentley,Snape,bsnapep3@bigcartel.com,Male,bsnapep3,EoSiabrN5Gi
905,Violet,Ziems,vziemsp4@wiley.com,Female,vziemsp4,ScsCGy5u72
906,Hallsy,Burkett,hburkettp5@accuweather.com,Male,hburkettp5,6Goib3rpYT
907,Nataniel,McRonald,nmcronaldp6@blog.com,Male,nmcronaldp6,VX4gHc8Hfwdr
908,Carl,Voss,cvossp7@sciencedirect.com,Male,cvossp7,OSScr4x
909,Spencer,Milnes,smilnesp8@bbb.org,Male,smilnesp8,9cbCTT
910,Cissy,Doughton,cdoughtonp9@buzzfeed.com,Female,cdoughtonp9,7ZfvPYiXf
911,Marline,Elven,melvenpa@biglobe.ne.jp,Female,melvenpa,qtZgS57CrW7D
912,Kat,Longhirst,klonghirstpb@scientificamerican.com,Female,klonghirstpb,9meCRpMg4Xj
913,Madelyn,Bezemer,mbezemerpc@reddit.com,Female,mbezemerpc,9sWAzS1MV6T0
914,Austin,House,ahousepd@goo.gl,Female,ahousepd,RAKNJK5w
915,Olga,O' Mullan,oomullanpe@prweb.com,Female,oomullanpe,rfTUUn4
916,Harmonia,Gaule,hgaulepf@ucoz.ru,Female,hgaulepf,XvAEFV7NeC
917,Hastings,Salle,hsallepg@rediff.com,Male,hsallepg,IxesjYnpQLoH
918,Kaylyn,Toolan,ktoolanph@intel.com,Female,ktoolanph,X8tQnTp9rCIY
919,Blaine,Dreger,bdregerpi@weather.com,Male,bdregerpi,mfLnGUz
920,Padraig,Calton,pcaltonpj@npr.org,Male,pcaltonpj,3m8w2EO6RH1o
921,Carole,Terbruggen,cterbruggenpk@elegantthemes.com,Female,cterbruggenpk,k41FEHbbZ49
922,Aline,Hellmore,ahellmorepl@blog.com,Female,ahellmorepl,FQYPgHxGzvLw
923,Jeralee,Dwelley,jdwelleypm@smh.com.au,Female,jdwelleypm,zB6MEfVk4WyL
924,Atlanta,Trathen,atrathenpn@cornell.edu,Female,atrathenpn,OUTnGQC0cG
925,Jackqueline,Gash,jgashpo@imgur.com,Female,jgashpo,ocBBOyOyAAm
926,Valery,Tulk,vtulkpp@aol.com,Female,vtulkpp,xsHAIe0
927,Nick,Riste,nristepq@msn.com,Male,nristepq,OvyYlm25
928,Miof mela,Maletratt,mmaletrattpr@discovery.com,Female,mmaletrattpr,rmCskUjuTE
929,Jacky,Duckerin,jduckerinps@naver.com,Male,jduckerinps,K5lj9rHhL
930,Emmeline,Scuse,escusept@miitbeian.gov.cn,Female,escusept,1r3jP54fT
931,Laughton,Sandbatch,lsandbatchpu@marketwatch.com,Male,lsandbatchpu,VbUxDKkl
932,Feodora,Darque,fdarquepv@people.com.cn,Female,fdarquepv,9Ls0UWG0hllv
933,Reiko,Ekell,rekellpw@people.com.cn,Female,rekellpw,MRqN1Ejp
934,Gayleen,Fabb,gfabbpx@sohu.com,Female,gfabbpx,dliXS3
935,Cortney,Wethers,cwetherspy@java.com,Female,cwetherspy,qd2L1YWF
936,Muire,MacKegg,mmackeggpz@sbwire.com,Female,mmackeggpz,Smq1G1fOXT
937,Titus,Linger,tlingerq0@sphinn.com,Male,tlingerq0,tqZbYuBaL
938,Roze,Skedge,rskedgeq1@gnu.org,Female,rskedgeq1,gnk3aqU6H
939,Jennine,Scadden,jscaddenq2@ocn.ne.jp,Female,jscaddenq2,h5xs6X
940,Sascha,Comfort,scomfortq3@bloglines.com,Male,scomfortq3,sT8PGJBFjgQV
941,Celestia,Raitt,craittq4@xinhuanet.com,Female,craittq4,8T8E5pvOL
942,Danielle,Lowings,dlowingsq5@wp.com,Female,dlowingsq5,XhWdsxHmaGb
943,Rurik,Yesenev,ryesenevq6@nih.gov,Male,ryesenevq6,ezolbeO
944,Jo-ann,Merriton,jmerritonq7@ftc.gov,Female,jmerritonq7,MezRLhS
945,Kurt,Goodinge,kgoodingeq8@istockphoto.com,Male,kgoodingeq8,OyganX
946,Dacie,Bourke,dbourkeq9@amazon.co.uk,Female,dbourkeq9,UZh8bxLfPtkR
947,Munmro,Cuniffe,mcuniffeqa@diigo.com,Male,mcuniffeqa,z2I0sb
948,Cecelia,Ceaser,cceaserqb@symantec.com,Female,cceaserqb,eg23zY
949,Homer,Hobgen,hhobgenqc@networkadvertising.org,Male,hhobgenqc,VHRvp8
950,Chic,O'Griffin,cogriffinqd@accuweather.com,Male,cogriffinqd,FNiHVFqKR
951,Neda,Wille,nwilleqe@icio.us,Female,nwilleqe,vo1M0SJEi
952,Susanna,Welfair,swelfairqf@state.tx.us,Female,swelfairqf,Vyy52WOe
953,Linn,Cammiemile,lcammiemileqg@craigslist.org,Female,lcammiemileqg,TbBcRV6kt29
954,Averyl,Buttel,abuttelqh@mac.com,Female,abuttelqh,LdXZQzLZz
955,Cindi,Grierson,cgriersonqi@odnoklassniki.ru,Female,cgriersonqi,Wc7gX5
956,Rudy,Goodwyn,rgoodwynqj@yellowbook.com,Male,rgoodwynqj,ZYGO1Vx31v
957,Maurits,Carley,mcarleyqk@cbslocal.com,Male,mcarleyqk,q6xwywH4
958,Robinette,McLoughlin,rmcloughlinql@yelp.com,Female,rmcloughlinql,5L7vPC
959,Alfie,Varker,avarkerqm@blogspot.com,Female,avarkerqm,R0RzzsnD
960,Allister,Rodbourne,arodbourneqn@xinhuanet.com,Male,arodbourneqn,yFHhe2
961,Denver,Eltun,deltunqo@globo.com,Male,deltunqo,dLRLPys
962,Carina,Croisdall,ccroisdallqp@cnet.com,Female,ccroisdallqp,zPsChj5rI
963,Missie,MacEnelly,mmacenellyqq@utexas.edu,Female,mmacenellyqq,xjrKXxvzZ
964,Alexandrina,Reynoollds,areynoolldsqr@microsoft.com,Female,areynoolldsqr,1k3E1FU
965,Athena,Bampkin,abampkinqs@mayoclinic.com,Female,abampkinqs,A64ra1k
966,Brewster,Brydone,bbrydoneqt@unblog.fr,Male,bbrydoneqt,qc7T5HMmzU
967,Bil,Nassi,bnassiqu@abc.net.au,Male,bnassiqu,UwwPmQr
968,Graham,Gherardini,ggherardiniqv@cdbaby.com,Male,ggherardiniqv,HXGsxgv25IF
969,Katherine,Mattaser,kmattaserqw@hp.com,Female,kmattaserqw,EKPr2b
970,Elisa,Bettley,ebettleyqx@uol.com.br,Female,ebettleyqx,Sl90feWRvP
971,Alvin,Quigg,aquiggqy@arstechnica.com,Male,aquiggqy,Zcm7nIGsYhfp
972,Ewell,Standfield,estandfieldqz@globo.com,Male,estandfieldqz,lp9tVr
973,Franzen,Langsbury,flangsburyr0@plala.or.jp,Male,flangsburyr0,7kRZhq0
974,Tony,Ioannou,tioannour1@salon.com,Female,tioannour1,V5qSxRB3
975,Weylin,Baudet,wbaudetr2@sciencedaily.com,Male,wbaudetr2,5roDvndw2
976,Lesley,Thackeray,lthackerayr3@a8.net,Male,lthackerayr3,bZD5JQpz8M
977,Pansy,Drewett,pdrewettr4@delicious.com,Female,pdrewettr4,EhKulJWq
978,Pooh,Screach,pscreachr5@bloglines.com,Male,pscreachr5,C1ilUXVdq5gP
979,Nonie,Durkin,ndurkinr6@unc.edu,Female,ndurkinr6,yE79OuKz
980,Ewen,Lismer,elismerr7@umn.edu,Male,elismerr7,jrL3vONS
981,Angelia,Roome,aroomer8@gravatar.com,Female,aroomer8,5t0VA6ozec9
982,Corenda,Cromwell,ccromwellr9@seesaa.net,Female,ccromwellr9,zVT9bO
983,Moria,Basill,mbasillra@xrea.com,Female,mbasillra,iGd0Prkpe
984,Teodorico,Trinke,ttrinkerb@chicagotribune.com,Male,ttrinkerb,JnxtxSLVQ
985,Olivier,Creek,ocreekrc@parallels.com,Male,ocreekrc,BOVpEKStiw5
986,Dora,Doig,ddoigrd@oaic.gov.au,Female,ddoigrd,APSrIrsu59
987,Karna,Devo,kdevore@youtube.com,Female,kdevore,YCc3V0iAA7m
988,Lory,Pope,lpoperf@ifeng.com,Female,lpoperf,Uh5MLU4NmK
989,Gian,Huburn,ghuburnrg@yellowbook.com,Male,ghuburnrg,QMBW6WqfK7cR
990,Niki,Riseborough,nriseboroughrh@guardian.co.uk,Male,nriseboroughrh,8U4cqMN
991,Cosetta,Waterson,cwatersonri@craigslist.org,Female,cwatersonri,C6mAvFiJ47C
992,Randal,Files,rfilesrj@php.net,Male,rfilesrj,5zik7Ta5PE
993,Alejandro,Meijer,ameijerrk@theatlantic.com,Male,ameijerrk,u9nRbGKk
994,Pietro,Hammant,phammantrl@ihg.com,Male,phammantrl,TIFt36YtqkV
995,Bondie,Liggett,bliggettrm@miibeian.gov.cn,Male,bliggettrm,Rcc4ReK
996,Corey,MacConnulty,cmacconnultyrn@omniture.com,Female,cmacconnultyrn,h4KAAheE
997,Saleem,Olivari,solivariro@microsoft.com,Male,solivariro,2EvPbLuBkGg
998,Fons,Dolling,fdollingrp@nih.gov,Male,fdollingrp,KOK5AAkM9T
999,Sigismond,Brookwood,sbrookwoodrq@dailymotion.com,Male,sbrookwoodrq,BxXe79xWwzlO
1000,Abagael,Berrow,aberrowrr@apache.org,Female,aberrowrr,iVUEOkSU
